date,positive,nagetive,neutral
2018-12-01,23.030169248580933,-11.390828251838684,-10.225463926792145
2018-12-03,-2.731276422739028,39.64367876946926,-25.364363461732864
2018-12-04,17.784759879112244,24.590352460741997,-31.3242709338665
2018-12-05,27.49620545655489,20.712166011333466,-34.53832125663757
2018-12-06,9.575583353638647,35.38142141327262,-31.23449817299843
2018-12-07,20.291410356760025,22.376909675076604,-30.367271065711975
2018-12-08,4.2609405517578125,1.7749196421355005,-4.957947075366974
2018-12-10,-9.872917085886002,51.637025974690914,-25.53087729215622
2018-12-11,-1.741372063755989,58.099362552165985,-36.316315561532974
2018-12-12,15.049074172973633,29.18867542827502,-29.87791931629181
2018-12-13,3.534625247120858,36.883431389927864,-25.736462444067
2018-12-14,21.553846329450607,47.72422977164388,-46.48177808523178
2018-12-15,5.603112913668156,4.659196555614471,-6.0073756873607635
2018-12-17,-2.7523404955863953,38.5398473739624,-24.1568843126297
2018-12-18,-7.937034606933594,81.80520397424698,-45.80078399181366
2018-12-19,13.68377533555031,46.60031897760928,-38.52774587273598
2018-12-20,-4.151508897542953,79.290851874277,-48.746509313583374
2018-12-21,11.855544000864029,51.162883304059505,-41.81032755970955
2018-12-22,7.649094074964523,7.95947527885437,-10.585161805152893
2018-12-24,-1.7826598584651938,56.7049316316843,-34.67066632211208
2018-12-25,-14.196884214878082,86.19583102315664,-43.89600297808647
2018-12-26,3.5940972715616226,46.539116874337196,-35.07814547419548
2018-12-27,31.57820425927639,24.50876596197486,-38.93453952670097
2018-12-28,42.40348298847675,35.283074244856834,-54.36724206805229
2018-12-29,17.75206509232521,1.290081538259983,-14.049140274524689
2018-12-31,51.34796606004238,-15.471643671393396,-29.570990353822708
2019-01-01,25.455083817243576,-12.065661326050758,-12.709829837083817
2019-01-02,21.75878213346005,42.170957351103425,-43.389893621206284
2019-01-03,-2.5984592884778976,77.47384614869952,-48.37113070487976
2019-01-04,32.17580061405897,38.81564024090767,-49.7858452796936
2019-01-05,39.172660648822784,-22.09604257903993,-15.535212278366089
2019-01-06,5.457587495446205,-2.036557137966156,-2.0465749502182007
2019-01-07,33.371356666088104,12.900042658671737,-36.64269933104515
2019-01-08,21.457869082689285,34.22255386412144,-38.29609730839729
2019-01-09,11.687366239726543,66.73012468079105,-51.90532088279724
2019-01-10,27.031771153211594,40.00726157054305,-46.9062864780426
2019-01-11,23.561800710856915,40.686031837016344,-43.84403637051582
2019-01-12,12.285275369882584,-2.6218954920768733,-7.6785067319869995
2019-01-14,-18.89741277694702,58.84422429651022,-25.38214999437332
2019-01-15,22.888130724430088,29.74301704764366,-38.53277489542961
2019-01-16,-3.1228059008717537,56.9803214520216,-34.970576256513596
2019-01-17,15.524812497198582,35.54855951294303,-36.05944871902466
2019-01-18,-17.18905507028103,85.0830149948597,-41.30758082866669
2019-01-19,18.56964448094368,-5.409257471561432,-11.131438940763474
2019-01-21,5.416729241609573,31.858930312097073,-26.6231007874012
2019-01-22,-3.5142947137355804,47.52824701182544,-29.543010383844376
2019-01-23,5.101811587810516,57.62718304991722,-40.38931825757027
2019-01-24,12.234256342053413,40.87924402207136,-37.99321514368057
2019-01-25,2.984377697110176,47.067998083774,-31.409444987773895
2019-01-26,-1.5709360986948004,12.932461887598038,-8.258250772953033
2019-01-28,12.18237192928791,7.3733453303575525,-15.94250014424324
2019-01-29,34.547372460365295,14.08128821849823,-36.43981975317001
2019-01-30,-0.3066259175539017,42.79117064923048,-28.27632388472557
2019-01-31,17.560648929327726,29.068708404898643,-32.75144538283348
2019-02-01,15.009676083922386,23.651600228622556,-26.36944931745529
2019-02-02,24.850165352225304,-12.418282806873322,-10.001982122659683
2019-02-03,2.571913719177246,-1.4955530166625977,-0.7674840688705444
2019-02-04,18.20537119358778,4.255752986762673,-15.907547622919083
2019-02-05,20.079732850193977,5.939476624131203,-17.709475696086884
2019-02-06,11.51017802208662,24.902689740061764,-25.227106481790543
2019-02-07,9.52957734465599,18.81728153117001,-21.384520918130875
2019-02-08,-6.932235851883889,36.92662811279297,-19.735116213560104
2019-02-09,14.836304798722267,-2.132396325469017,-9.252946555614471
2019-02-11,3.6717996150255177,34.04784418269992,-21.696366667747498
2019-02-12,30.921660274267197,20.31362646445632,-35.674629002809525
2019-02-13,18.98571978509426,29.755112536251545,-34.14841756224632
2019-02-14,5.338941052556038,42.80158422887325,-33.292693585157394
2019-02-15,3.080481879413128,50.24141591787338,-35.625469744205475
2019-02-16,12.572189807891846,-1.3071263786405325,-9.683797389268875
2019-02-18,23.861687377095222,11.640594370663168,-26.14881080389023
2019-02-19,7.441218197345733,50.23653760785237,-41.863298416137695
2019-02-20,8.254971727728844,37.95918780937791,-33.7297557592392
2019-02-21,5.512098684906959,41.76321046054363,-32.56991511583328
2019-02-22,-1.7695393115282059,66.40506911277771,-42.06209996342659
2019-02-23,8.999123066663742,-0.192904245108366,-6.963356852531433
2019-02-25,17.7711331397295,32.13008559308946,-32.91255336999893
2019-02-26,2.4446274861693382,48.67536559700966,-35.666482985019684
2019-02-27,-14.104545578360558,74.07831341400743,-38.23443204164505
2019-02-28,11.656902834773064,35.289295226335526,-32.907648622989655
2019-03-01,-3.91137982904911,56.536679442971945,-32.431322544813156
2019-03-02,9.485302969813347,2.9377824887633324,-9.353412866592407
2019-03-03,3.948968291282654,-2.8294973969459534,-1.119252234697342
2019-03-04,-4.700550779700279,55.64676223695278,-32.645825415849686
2019-03-05,-0.1151016056537626,49.18744129687548,-33.521487921476364
2019-03-06,13.232849568128586,31.890567975118756,-29.922828555107117
2019-03-07,-0.08302358537912369,54.74196782428771,-37.23286885023117
2019-03-08,15.219095438718796,28.986425019800663,-27.27366141974926
2019-03-09,6.197727933526039,1.0579136386513708,-5.862601965665817
2019-03-10,6.9407312870025635,-4.269185662269592,-2.3888503313064575
2019-03-11,16.48737797141075,33.75465187430382,-33.355571031570435
2019-03-12,35.44595818221569,13.806832857429981,-37.35103797912598
2019-03-13,1.4964904189109791,46.26594477146864,-31.209826171398163
2019-03-14,2.3331039398908615,55.02013115445152,-38.97477829456329
2019-03-15,13.826086685061455,33.76464332640171,-32.44152989983559
2019-03-16,12.118034049868584,1.69332979619503,-10.944416582584381
2019-03-18,30.285269550979137,17.915550927165896,-35.87596720457077
2019-03-19,17.468251317739487,35.40566740185022,-35.705935180187225
2019-03-20,29.670190885663033,31.01989092119038,-44.16385021805763
2019-03-21,-19.230100750923157,70.49038316309452,-32.0062173306942
2019-03-22,-10.652779594063759,66.74371339008212,-37.55432963371277
2019-03-23,10.186704635620117,2.4273006469011302,-10.1157905459404
2019-03-25,-9.49690866470337,55.98419725894928,-28.561343491077423
2019-03-26,18.049475200474262,35.359043100848794,-35.98866567015648
2019-03-27,2.166746646165848,47.391499508172274,-33.715409487485886
2019-03-28,-0.1348237991332999,46.97209131717682,-33.07564648985863
2019-03-29,4.96911833435297,38.92775306105614,-29.80204001069069
2019-03-30,1.7908810377120972,8.180568132549524,-8.3409443795681
2019-03-31,-1.7411308586597443,5.986327111721039,-2.6365728676319122
2019-04-01,8.585047580301762,32.80207048961893,-26.331321209669113
2019-04-02,27.82713620364666,18.995367154479027,-34.74107438325882
2019-04-03,19.75738187134266,26.38383493805304,-31.865716755390167
2019-04-04,14.847474962472916,27.36977882683277,-30.06852748990059
2019-04-05,16.611625030636787,30.877459052950144,-29.575662523508072
2019-04-06,10.877015262842178,2.386375941336155,-10.166773825883865
2019-04-07,2.5836758613586426,-1.642615556716919,-0.7626099586486816
2019-04-08,2.5549927055835733,42.42548670247197,-27.314745515584946
2019-04-09,9.740771621465683,34.885297829750925,-32.459856033325195
2019-04-10,0.8689213395118713,49.74050897732377,-35.26052260398865
2019-04-11,16.647467553615574,28.623456828296185,-31.931353628635406
2019-04-12,18.06986454129219,27.923558358103037,-33.181150794029236
2019-04-13,17.10171039402485,-4.972703244537115,-9.920685470104218
2019-04-15,-16.18626146018505,52.05791813135147,-22.61454066634178
2019-04-16,-1.4828260838985443,49.03484142012894,-29.991082906723022
2019-04-17,14.706151589751244,20.50022573582828,-24.977158457040787
2019-04-18,24.329265654087067,17.894051779061556,-27.01567806303501
2019-04-19,-12.306502513587475,44.94045852869749,-20.687044471502304
2019-04-20,-2.3353331238031396,10.217629216611385,-5.737416386604309
2019-04-22,15.73101595044136,13.1443199403584,-21.30732747912407
2019-04-23,17.714970514178276,22.962169336155057,-29.84054046869278
2019-04-24,19.16697834432125,25.9168747686781,-31.199635297060013
2019-04-25,-3.2386733591556554,41.76183501444757,-25.01512098312378
2019-04-26,42.61499126255512,9.482191022485495,-38.03570419549942
2019-04-27,20.129697754979134,-10.008670553565025,-9.128480702638626
2019-04-29,19.92653800547123,20.561022721230984,-26.834131866693497
2019-04-30,-6.875301212072372,50.81678666733205,-29.472145944833755
2019-05-01,17.965237498283383,17.0339432656765,-25.27624598145485
2019-05-02,11.209955528378487,21.069846387952566,-22.556182146072388
2019-05-03,18.329233035445213,8.817652948200703,-19.067195862531662
2019-05-04,3.1442195177078247,5.634526580572129,-7.492574006319046
2019-05-06,-1.5433551967144012,26.397094417363405,-17.929944962263107
2019-05-07,20.917942583560944,18.434021949768066,-30.057863771915436
2019-05-08,4.305608198046683,39.62965711578727,-27.543551445007324
2019-05-09,5.618698596954346,40.81994107551873,-29.78346472978592
2019-05-10,13.208487443625927,33.131571393460035,-29.663481056690216
2019-05-11,9.028244286775589,2.5299192219972606,-8.322693079710007
2019-05-13,-1.242929026484489,42.85074245929718,-28.484885692596436
2019-05-14,24.54576388001442,24.244068205356598,-35.45437681674957
2019-05-15,17.476026840507984,37.13340167887509,-35.200893223285675
2019-05-16,18.958277955651283,35.741725996136665,-38.31134730577469
2019-05-17,10.629452466964722,33.843288257718086,-30.16051983833313
2019-05-18,-2.4457948058843613,12.624239288270473,-7.605016112327576
2019-05-20,11.054411590099335,23.687889577820897,-22.408322483301163
2019-05-21,15.19807492941618,32.23271721042693,-32.92777332663536
2019-05-22,24.483763590455055,25.18783062696457,-36.632134184241295
2019-05-23,19.292345374822617,44.14315200410783,-43.01702743768692
2019-05-24,10.452131688594816,29.059186823666096,-27.947073847055435
2019-05-25,2.757465347647667,8.75742495059967,-8.975195199251175
2019-05-27,10.273397020995617,30.959034219384193,-26.861476331949234
2019-05-28,-3.049342080950737,53.60801359266043,-31.940380662679672
2019-05-29,-1.1251846626400939,58.48380730487406,-35.83213406801224
2019-05-30,19.89460152387619,32.55257737636566,-36.33362203836441
2019-05-31,11.920139208436012,38.885276491288096,-35.01367139816284
2019-06-01,2.4624498784542084,4.9766539335250854,-5.394257545471191
2019-06-03,-1.714078307151794,33.577810626477,-22.341422379016876
2019-06-04,14.307843640446663,31.389459542930126,-30.720036685466766
2019-06-05,27.388586804270744,36.82590838242322,-42.39344409108162
2019-06-06,10.426657870411873,38.130869602784514,-33.0019211769104
2019-06-07,17.39762370288372,16.737273789942265,-23.20612758398056
2019-06-08,8.601610034704208,4.642071217298508,-10.23051431775093
2019-06-10,31.636331245303154,12.540166649967432,-30.7317074239254
2019-06-11,1.2465166300535202,50.68313750624657,-34.7396205663681
2019-06-12,-0.5802048742771158,58.83793058479205,-38.331712692976
2019-06-13,33.11917731165886,22.40889710187912,-40.86147564649582
2019-06-14,42.78599985688925,-1.6069951429963112,-32.71995946764946
2019-06-15,10.755766496062279,-3.7878923416137695,-6.272323161363602
2019-06-17,14.757023185491562,22.26471284031868,-23.69083598256111
2019-06-18,7.787586718797684,47.07422701269388,-35.81939774751663
2019-06-19,35.86608395725489,12.394007466733454,-38.67912232875824
2019-06-20,23.632283963263035,25.6035842075944,-37.91112074255943
2019-06-21,33.23286139219999,7.152181191369891,-30.688007563352585
2019-06-22,17.925633117556572,-3.472375988960266,-11.769431829452515
2019-06-24,14.294763445854187,37.97459717327729,-33.11518183350563
2019-06-25,1.4206221848726268,51.96126284683123,-34.995530903339386
2019-06-26,-9.567563101649284,84.12803906388581,-47.674806624650955
2019-06-27,22.298345863819122,41.67319041490555,-44.39456358551979
2019-06-28,42.526610881090164,6.4945990443229675,-37.20723217725754
2019-06-29,13.97462797164917,-4.799889504909515,-6.900496631860733
2019-07-01,37.50123557448387,10.72673461213708,-37.61290845274925
2019-07-02,5.857367090880871,59.7130356580019,-41.11070001125336
2019-07-03,27.135010614991188,28.228963017463688,-37.61055916547775
2019-07-04,4.1946338564157495,56.414478454738855,-39.55197623372078
2019-07-05,21.03252848982811,26.015992656350136,-30.49155303835869
2019-07-06,-4.787522703409195,12.498714819550514,-5.346150904893875
2019-07-08,12.997487783432009,26.46703576296568,-26.887212872505188
2019-07-09,18.681376546621323,22.98017338104546,-29.71816372871399
2019-07-10,5.1604553163051605,39.6545777823776,-30.78947612643242
2019-07-11,35.83037905395031,4.312511159107088,-33.3855604827404
2019-07-12,12.473885163664818,32.87452492117882,-30.702299624681473
2019-07-13,33.3220873773098,-18.092425256967545,-15.341897636651993
2019-07-15,19.23472448438406,26.966512510553002,-31.980211585760117
2019-07-16,31.66130469739437,11.610475581139326,-30.22881442308426
2019-07-17,-3.2141970694065103,51.534430991858244,-32.02597874403
2019-07-18,21.147198855876923,22.810723232105374,-30.258770257234573
2019-07-19,8.948948979377747,29.70208682166413,-27.475583970546722
2019-07-20,18.745567083358765,-5.96275506913662,-11.254054635763168
2019-07-22,-0.24763469398021698,37.52615714818239,-26.762605398893356
2019-07-23,23.906406231224537,20.530423685908318,-32.50687649846077
2019-07-24,-4.531215004622936,58.152119904756546,-34.338280737400055
2019-07-25,21.822107017040253,30.676272600889202,-35.05278393626213
2019-07-26,-3.7973684072494507,60.4773761369288,-36.08435437083244
2019-07-27,16.169864624738693,-0.5748922824859615,-12.105098694562912
2019-07-29,10.559005677700043,31.329339921474457,-28.84479784965515
2019-07-30,24.872831374406815,28.5439464119263,-38.24416318535805
2019-07-31,25.609293438494205,10.614567302167417,-27.33866983652115
2019-08-01,7.401320293545724,45.24289843067527,-34.41768658161163
2019-08-02,2.69843340665102,59.56401878595352,-42.12472215294838
2019-08-03,20.85947448015213,-11.074421726167202,-10.058409750461578
2019-08-05,7.749915361404419,48.57809725776315,-39.141443610191345
2019-08-06,13.094915062189104,39.040722995996475,-36.85866770148277
2019-08-07,27.819215431809425,18.552898600697517,-36.72683575749397
2019-08-08,14.929793700575829,38.47451181570068,-37.7492661178112
2019-08-09,2.400711975991726,55.68001741170883,-36.749214202165604
2019-08-10,18.415796384215355,-8.903142392635345,-9.432246714830399
2019-08-12,18.968971714377403,25.334336327388883,-33.16682603955269
2019-08-13,15.435073807835579,27.57683686213568,-30.421332120895386
2019-08-14,5.786069169640541,53.80318806692958,-36.088653057813644
2019-08-15,-6.088269650936127,64.95813716575503,-35.80800357460976
2019-08-16,30.187913194298744,21.099237704649568,-38.78405952453613
2019-08-17,16.77909579873085,-7.011264335364104,-9.311111748218536
2019-08-19,36.584210343658924,9.719591364264488,-33.797377794981
2019-08-20,3.047424212098122,52.3897814694792,-34.830065071582794
2019-08-21,43.54982244223356,14.083567772526292,-41.95613241195679
2019-08-22,22.314521551132202,37.72285593487322,-42.298127591609955
2019-08-23,10.237578138709068,44.23336774110794,-39.29309269785881
2019-08-24,23.49665980041027,-10.18859907053411,-12.35083481669426
2019-08-26,0.9046398177742958,40.29876246675849,-27.248827576637268
2019-08-27,23.932106032967567,27.491112373769283,-34.530243307352066
2019-08-28,-11.874097794294357,75.8701969073154,-42.71009775996208
2019-08-29,-7.706705868244171,65.53842471539974,-39.24846351146698
2019-08-30,11.129707776010036,47.82489996030927,-38.958751648664474
2019-08-31,22.793787002563477,-6.943642195314169,-12.357521772384644
2019-09-02,-15.940281093120575,77.72843334823847,-38.47247430682182
2019-09-03,6.051696047186853,47.85447509586811,-37.06316950917244
2019-09-04,26.01305603981018,33.41851672530174,-42.20968309044838
2019-09-05,12.609072849154472,28.137118058279157,-28.237059891223907
2019-09-06,2.569580465555191,53.372840486466885,-34.64965206384659
2019-09-07,8.493147850036621,2.221725912764669,-7.349228650331497
2019-09-09,5.13812643289566,42.61157566867769,-32.99857705831528
2019-09-10,4.081379823386669,58.496004823595285,-40.57205882668495
2019-09-11,26.94077903777361,25.200284525752068,-37.8660494685173
2019-09-12,19.719104804098606,27.579274740070105,-31.558760166168213
2019-09-13,-4.506572477519512,42.77867041155696,-24.53962978720665
2019-09-14,11.110672131180763,-2.2757784724235535,-7.112403750419617
2019-09-15,-1.2484883069992063,3.433263301849365,-1.1238898038864136
2019-09-16,27.08782596886158,18.933806508779526,-33.5984148979187
2019-09-17,10.84204403311014,48.52938440442085,-40.11102029681206
2019-09-18,1.6834925264120106,49.15385645069182,-32.80666187405586
2019-09-19,9.153052970767021,57.504425099119544,-43.060510247945786
2019-09-20,21.871818333864212,26.677219420671463,-33.082058161497116
2019-09-21,21.058409683406353,-9.242521887179464,-10.484124153852463
2019-09-23,3.561472550034524,38.08809248358011,-24.148023426532745
2019-09-24,6.386436432600023,48.0803764462471,-36.83915224671364
2019-09-25,-12.220699563622475,68.66015803068876,-36.71372604370117
2019-09-26,-12.040920317173004,67.91838032007217,-34.52205762267113
2019-09-27,5.071026533842087,52.38210820220411,-35.40605181455612
2019-09-28,27.087700858712196,-8.255347833037376,-14.694569200277328
2019-09-30,14.796706706285477,20.70707458257675,-22.82898849248886
2019-10-01,9.733263790607452,39.816422037780285,-33.46229746937752
2019-10-02,17.740753933787346,14.35387327708304,-22.44802474975586
2019-10-03,14.656430453062057,51.38200271129608,-43.62058424949646
2019-10-04,20.426817446947098,10.000101923942568,-22.160435885190964
2019-10-05,18.60285896062851,-6.362239455804229,-9.433310449123383
2019-10-07,6.659422740340232,28.805532041937113,-23.67638286948204
2019-10-08,-13.313072793185711,77.9859256320633,-39.48708173632622
2019-10-09,18.83697721362114,36.69764241017401,-39.03529319167137
2019-10-10,8.821218363940716,44.78527246415615,-34.896130949258804
2019-10-11,-3.9728041291236877,66.96812269091606,-40.089470982551575
2019-10-12,18.662060260772705,-9.014300517737865,-8.24855351448059
2019-10-14,22.67885709553957,28.24908747151494,-35.27081885933876
2019-10-15,29.552761435508724,28.77003762871027,-40.68294593691826
2019-10-16,-4.081716433167458,80.10691039077938,-46.86556661128998
2019-10-17,-6.734756223857403,62.68457328900695,-35.02005156874657
2019-10-18,28.521246537566185,26.757754504680634,-37.612674832344055
2019-10-19,23.642153903841972,-9.015283338725567,-10.450856268405914
2019-10-21,-4.105164706707001,50.40912386775017,-30.90194872021675
2019-10-22,20.88396418094635,26.792850140482187,-32.72888594865799
2019-10-23,-3.767196580767631,61.24465085566044,-37.61261656880379
2019-10-24,4.713466390967369,36.47793595865369,-28.282708376646042
2019-10-25,25.585590228438377,14.069844592362642,-28.38883888721466
2019-10-26,14.927083969116211,-5.029682397842407,-7.700232058763504
2019-10-28,14.47219143807888,21.08573017269373,-25.87335431575775
2019-10-29,5.53530789911747,32.66660517454147,-26.02079549431801
2019-10-30,27.56970825791359,19.05813893675804,-32.56669998168945
2019-10-31,14.11934916675091,50.340807780623436,-40.38952428102493
2019-11-01,10.164498060941696,44.46771620819345,-35.663645684719086
2019-11-02,25.159357622265816,-10.816612303256989,-12.557230144739151
2019-11-04,17.740215688943863,35.54984234459698,-33.99286085367203
2019-11-05,-2.9361355751752853,58.94897160679102,-35.72711932659149
2019-11-06,29.05884263664484,24.786919890437275,-39.16203215718269
2019-11-07,6.283487230539322,39.359535314142704,-30.632181346416473
2019-11-08,7.743557870388031,42.879461884498596,-33.82409781217575
2019-11-09,21.33500862121582,-9.581460535526277,-9.942780017852783
2019-11-11,3.457811936736107,40.19547020131722,-28.12615269422531
2019-11-12,13.676622837781906,33.03762770630419,-32.455172538757324
2019-11-13,15.031756937503816,47.740554524585605,-40.143602162599564
2019-11-14,13.256829790771008,44.90726548619568,-39.297927379608154
2019-11-15,8.67279963195324,40.92972039617598,-30.720395639538765
2019-11-16,10.163967996835709,-0.2663639672100544,-7.378558427095413
2019-11-18,25.324173659086227,17.898788009304553,-31.850066483020782
2019-11-19,9.28329323232174,37.90634500607848,-32.61061242222786
2019-11-20,6.190120369195936,50.27998906560242,-36.08917200565338
2019-11-21,12.08666405081749,30.513948077335954,-28.398629516363144
2019-11-22,10.082038283348083,46.06942309439182,-33.44367727637291
2019-11-23,23.047920614480972,-7.974046278744936,-10.53600487112999
2019-11-25,11.339371100068092,35.39045552909374,-30.71386018395424
2019-11-26,6.143206566572189,53.26903788745403,-38.00081625580788
2019-11-27,6.1215154230594635,52.198557280004025,-38.7110131084919
2019-11-28,-6.046050801873207,55.158773586153984,-30.925957322120667
2019-11-29,33.689703077077866,16.461397752165794,-33.94781494140625
2019-11-30,17.280816614627838,-6.179362401366233,-8.998729407787323
2019-12-02,24.713832199573517,24.81174412369728,-34.1284102499485
2019-12-03,32.82972699403763,34.46884222328663,-44.598554998636246
2019-12-04,32.36680814623833,19.74287407286465,-35.35660555958748
2019-12-05,30.18152990937233,25.234915153123442,-39.285360395908356
2019-12-06,22.70772286504507,26.14420579746366,-30.421084344387054
2019-12-07,27.179407447576523,-16.071524024009705,-10.255169570446013
2019-12-09,37.54392436146736,6.398125857114792,-32.811602145433426
2019-12-10,36.13688661158085,10.671748042106627,-33.33371549844742
2019-12-11,30.936742141842842,25.528386402875185,-39.62942734360695
2019-12-12,31.690339103341103,16.6798616014421,-35.38602602481842
2019-12-13,35.389192283153534,21.389821022748947,-39.556858867406845
2019-12-14,20.19575410336256,-6.367272257804871,-11.884048461914062
2019-12-16,43.48731717467308,2.0098458118736744,-34.695924907922745
2019-12-17,18.19035378098488,36.27619720622897,-37.42624881863594
2019-12-18,27.414270162582397,18.132421327754855,-30.446029901504517
2019-12-19,21.279900804162025,27.336944714188576,-34.990116477012634
2019-12-20,25.378818318247795,18.675844479352236,-28.928700536489487
2019-12-21,23.787200957536697,-11.034745186567307,-10.138470560312271
2019-12-23,45.69803722947836,6.183381754904985,-35.788285076618195
2019-12-24,27.185894064605236,21.509803149849176,-33.98162654042244
2019-12-25,13.976503044366837,6.113773895427585,-13.611337929964066
2019-12-26,31.754123270511627,0.8993419148027897,-26.273217514157295
2019-12-27,52.71343144774437,-17.516233671456572,-27.77123573422432
2019-12-28,22.4953583329916,-8.996518790721893,-11.033188790082932
2019-12-30,22.794962227344513,24.466175006702542,-34.38844135403633
2019-12-31,67.25413376837969,-8.103082463145258,-44.639429062604904
2020-01-01,16.84837806224823,-7.291249871253967,-8.370477080345154
2020-01-02,95.36660715937614,-22.65464575588703,-58.91346737742424
2020-01-03,21.147929280996323,26.844930068124086,-35.67852482199669
2020-01-04,9.585853487253189,-0.5089359581470485,-8.394996702671051
2020-01-06,62.92016288638115,-17.80729579180479,-37.73676931858063
2020-01-07,38.08061859756708,20.955980831757188,-43.40299144387245
2020-01-08,16.803076684474945,33.0573687851429,-35.07160973548889
2020-01-09,20.491611145436764,27.93369944067672,-33.632990926504135
2020-01-10,8.151532873511314,43.37043307721615,-32.693048030138016
2020-01-11,18.938055872917175,-8.279878705739975,-9.164885014295578
2020-01-13,30.523754470050335,19.691167414188385,-35.844691157341
2020-01-14,-11.559678800404072,75.6618613996543,-38.61627605557442
2020-01-15,33.601550221443176,32.57112700259313,-47.06586965918541
2020-01-16,23.690240427851677,34.804318061098456,-39.631298542022705
2020-01-17,12.83613508939743,46.87416787445545,-38.054374009370804
2020-01-18,28.838216051459312,-14.90613305568695,-11.192515581846237
2020-01-20,17.33109612762928,26.388179197907448,-31.18561565876007
2020-01-21,21.801011338829994,31.78701315820217,-36.37649205327034
2020-01-22,5.258750841021538,40.21505145728588,-32.44348347187042
2020-01-23,-5.4297757893800735,39.498321782797575,-22.06607648730278
2020-01-24,12.201255738735197,20.361431566998363,-21.241711407899857
2020-01-25,18.647995620965958,-5.8155839294195175,-11.41782495379448
2020-01-27,15.22489307820797,10.38993188738823,-18.063146620988846
2020-01-28,22.66240756213665,5.506336063146591,-20.80110079050064
2020-01-29,4.611992940306664,28.08784224279225,-22.049127459526062
2020-01-30,14.844335660338402,19.09733460843563,-21.02320945262909
2020-01-31,22.852973461151123,30.132256917655468,-37.29649856686592
2020-02-01,8.039224743843079,5.845978081226349,-10.79108002781868
2020-02-03,13.829895429313183,20.15048725157976,-22.486819684505463
2020-02-04,5.605128914117813,32.38827474787831,-25.571946054697037
2020-02-05,7.01342536509037,26.53758716210723,-23.270152062177658
2020-02-06,19.308793753385544,21.00798001885414,-28.633813977241516
2020-02-07,47.140305764973164,-3.3888250440359116,-32.75655937194824
2020-02-08,13.93216648697853,-5.225042372941971,-8.522603422403336
2020-02-10,-9.805631220340729,59.13887611404061,-29.705498546361923
2020-02-11,-3.6955683231353755,47.35064743459225,-29.655310794711113
2020-02-12,2.784988045692443,49.04499071277678,-35.74889615178108
2020-02-13,26.53184698522091,27.81011938676238,-37.24503216147423
2020-02-14,9.314898610115051,45.08835568279028,-34.88527724146843
2020-02-15,20.095367699861526,-7.619070887565612,-10.033886194229126
2020-02-17,13.059801943600178,34.60781039297581,-32.21173623204231
2020-02-18,-11.195268169045447,69.14869748055935,-37.449828296899796
2020-02-19,50.032517820596695,-0.3301282897591582,-39.6596736907959
2020-02-20,31.179341539740562,22.899726005271077,-39.25374147295952
2020-02-21,7.394321873784065,52.205493688583374,-38.343907326459885
2020-02-22,24.076891347765923,-11.963458448648455,-10.127762079238892
2020-02-24,6.065500922501087,42.20753578096628,-31.655362516641617
2020-02-25,-6.728721350431441,52.05984571762383,-28.304837465286255
2020-02-26,14.103960484266281,30.32366119325161,-28.60185670852661
2020-02-27,-3.6332888007163993,54.31628701090813,-31.684571593999863
2020-02-28,0.5173601880669598,51.74623395688832,-31.312110096216202
2020-02-29,2.176344782114029,12.654565807431936,-9.62942087650299
2020-03-02,5.464355729520321,34.24560984969139,-27.25108414888382
2020-03-03,11.261544428765774,32.61376494914293,-30.64438059926033
2020-03-04,15.611251398921013,35.64077919907868,-33.778065234422684
2020-03-05,10.845256812870502,33.64009962975979,-28.981557428836823
2020-03-06,25.84969136118889,28.441308677196503,-38.04178071022034
2020-03-07,12.405334636569023,-0.8483569622039799,-9.320252984762192
2020-03-09,10.525794759392738,17.38947682082653,-22.440478771924973
2020-03-10,-6.217479169368746,65.34696461632848,-37.509171068668365
2020-03-11,-3.294642321765423,59.76386959850788,-36.26797607541084
2020-03-12,-13.32428653538227,64.93970237672329,-32.50886204838753
2020-03-13,-7.22319085896015,56.745047733187675,-33.41550573706627
2020-03-14,17.203738287091255,-4.093341141939163,-9.868740111589432
2020-03-16,-13.413941614329815,49.68466627597809,-22.08570620417595
2020-03-17,0.8168838247656824,45.93627382814884,-31.111805647611618
2020-03-18,-6.491711229085922,54.96146505698562,-30.693667382001877
2020-03-19,-5.191375195980071,74.19098323583603,-43.43090999126434
2020-03-20,11.293711334466934,36.37351930141449,-33.31907942891121
2020-03-21,21.41782170534134,-3.87493860349059,-14.523470759391785
2020-03-23,14.70941436290741,29.2709788531065,-29.682696163654327
2020-03-24,77.8638297393918,-21.282060626894236,-47.05465146899223
2020-03-25,32.305306792259216,8.304024944081903,-31.049878150224686
2020-03-26,22.616622045636177,25.799213940743357,-34.250310093164444
2020-03-27,18.630656450986862,35.263447016477585,-35.08095547556877
2020-03-28,29.17509812116623,-9.779433339834213,-15.24956887960434
2020-03-29,16.123250484466553,-8.732150316238403,-6.488149881362915
2020-03-30,21.616366043686867,24.3980173766613,-30.493440806865692
2020-03-31,28.835669554769993,18.282348883338273,-34.72374129295349
2020-04-01,9.584908470511436,49.385996889322996,-39.18014711141586
2020-04-02,19.413030698895454,24.002324499189854,-33.13775357604027
2020-04-03,32.86432205885649,20.218046337366104,-36.842071026563644
2020-04-04,14.925470441579819,-1.2142327427864084,-12.269112080335617
2020-04-06,16.837623938918114,17.249528490006924,-22.549642860889435
2020-04-07,39.79256371408701,9.980771981179714,-35.75227680802345
2020-04-08,30.21874275803566,19.883004263043404,-36.92516607046127
2020-04-09,38.52114900946617,11.20125854993239,-37.318504720926285
2020-04-10,30.344573616981506,21.816661974415183,-37.353166311979294
2020-04-11,32.139195680618286,-14.783647239208221,-14.365114033222198
2020-04-12,-1.5494983196258545,3.9501545429229736,-1.2997314929962158
2020-04-13,37.82914175093174,23.180157631635666,-43.22137886285782
2020-04-14,27.647942066192627,21.383768999949098,-35.576592832803726
2020-04-15,-7.122046530246734,62.47895875573158,-34.183266162872314
2020-04-16,20.445310071110725,45.4559088521637,-43.074155390262604
2020-04-17,13.717458754777908,25.86177203292027,-28.419780731201172
2020-04-18,17.632992573082447,-6.13343358412385,-8.888833999633789
2020-04-20,13.033634915947914,19.34612037241459,-22.300855368375778
2020-04-21,-7.13697089254856,56.959674060344696,-32.940454214811325
2020-04-22,-15.43028374016285,78.24373212456703,-37.43732222914696
2020-04-23,51.95919768512249,0.5604889784008258,-40.57387015223503
2020-04-24,54.67948615550995,2.9463596642017382,-42.79235768318176
2020-04-25,20.218810379505157,-1.6702758669853206,-15.352556139230728
2020-04-26,4.031678557395935,2.0947936177253723,-2.8431928753852844
2020-04-27,25.829569399356842,31.083833292126656,-39.075261265039444
2020-04-28,13.217234700918198,54.124457775149494,-43.711111187934875
2020-04-29,3.904527351260186,45.063849915750325,-32.32188528776169
2020-04-30,45.19433842599392,8.153695518150926,-37.501235246658325
2020-05-01,44.22299763560295,-3.189851147588342,-31.492337375879288
2020-05-02,12.172053217887878,0.7896112203598022,-11.628650724887848
2020-05-03,14.262648105621338,-8.172136783599854,-5.541577577590942
2020-05-04,3.6996698081493387,39.35655850172043,-28.346603840589523
2020-05-05,37.542251110076904,8.649298100266606,-34.2349317073822
2020-05-06,25.434081345796585,25.45655432343483,-32.75611361861229
2020-05-07,20.75927113741636,11.5269945692271,-23.384468913078308
2020-05-08,2.302170246839524,44.503922775387764,-30.922250390052795
2020-05-09,11.589707970619202,9.254836335778236,-13.820900589227676
2020-05-11,54.9417886659503,-14.865053504705429,-31.462544709444046
2020-05-12,27.528873771429062,22.440022349357605,-35.4333900809288
2020-05-13,20.352084383368492,22.661443099379543,-29.370758086442947
2020-05-14,8.620735317468643,31.516275823116302,-29.25429341197014
2020-05-15,46.713420540094376,11.94950586557388,-41.65687510371208
2020-05-16,12.850973635911942,0.9399127960205085,-10.954375505447388
2020-05-17,5.5001983642578125,-2.941355466842652,-2.267601251602173
2020-05-18,38.84842373430729,3.097627751529217,-32.32345139980316
2020-05-19,37.48728695511818,0.25794495642185233,-30.342058569192886
2020-05-20,76.9671681523323,-24.092445001006126,-43.062318831682205
2020-05-21,22.506801560521126,19.176139630377293,-29.038240253925323
2020-05-22,27.20970344543457,10.820866156369448,-26.37133625149727
2020-05-23,27.144680470228195,-12.154794555157423,-12.737678438425064
2020-05-25,17.554714366793633,18.114061161875725,-23.951393723487854
2020-05-26,20.33048690855503,10.987298974767327,-22.193879783153534
2020-05-27,15.995940074324608,17.201004818081856,-22.082020223140717
2020-05-28,35.33841949701309,-1.5735140424221763,-24.36646345257759
2020-05-29,11.548046261072159,25.930056661367416,-26.4941885471344
2020-05-30,29.852225124835968,-17.506434381008148,-11.226371854543686
2020-06-01,10.237489156424997,23.690096015576273,-21.267967998981476
2020-06-02,19.41996828466654,25.324525000993162,-32.286260068416595
2020-06-03,15.799962103366852,21.508843645453453,-25.138618111610413
2020-06-04,16.29234604537487,19.389510847628117,-24.650292545557022
2020-06-05,28.156081065535545,12.075914913788438,-29.87798708677292
2020-06-06,16.952009677886963,-7.976362030953169,-8.515036970376968
2020-06-07,-1.51927387714386,4.298025131225586,-1.436333179473877
2020-06-08,-4.902437165379523,50.62103062868118,-28.088299840688705
2020-06-09,-13.008801579475403,51.45654065348208,-24.59709930419922
2020-06-10,32.97065779566765,11.028250026050955,-30.233231127262115
2020-06-11,17.869247525930405,15.57958528958261,-23.492550134658813
2020-06-12,27.5489689335227,26.59740912914276,-39.03466382622719
2020-06-13,15.247115641832352,-6.576626345515251,-8.022241681814194
2020-06-15,-2.783102735877038,38.158189564943314,-22.910189628601074
2020-06-16,17.073866292834282,29.12206876464188,-30.364786714315414
2020-06-17,16.765552505850792,27.044303931761533,-31.47260382771492
2020-06-18,16.48887224495411,21.74100616015494,-27.022222340106964
2020-06-19,17.759112745523453,17.59501549601555,-25.675451636314392
2020-06-20,19.1849222779274,-3.791132442653179,-13.77531909942627
2020-06-22,24.0452279150486,13.906831078231336,-26.71866849064827
2020-06-23,30.017135970294476,17.473560646176338,-34.47451460361481
2020-06-24,22.419605284929276,19.451255310326815,-30.310167253017426
2020-06-25,4.743947997689247,31.28609812259674,-23.395159915089607
2020-06-26,10.949408128857614,27.611482094973326,-25.939112067222595
2020-06-27,13.89852550625801,-2.843309387564659,-8.883928835391998
2020-06-29,27.664572924375534,14.731686562299728,-30.677100628614426
2020-06-30,21.516332790255547,13.853373195976019,-25.3986938893795
2020-07-01,22.5860628336668,8.712846264243126,-22.771824300289154
2020-07-02,18.939415633678436,20.20622649975121,-26.923738330602646
2020-07-03,26.46563909947872,17.725720571354028,-31.385592460632324
2020-07-04,16.16079244017601,-6.098644033074379,-7.945702940225601
2020-07-06,23.056724943220615,17.911693885922432,-29.4398492872715
2020-07-07,34.99460892379284,1.2713406458497043,-27.44452053308487
2020-07-08,6.574224144220352,21.201553516089916,-18.950011283159256
2020-07-09,36.040868043899536,7.3410306721925735,-32.972911059856415
2020-07-10,0.7803661823272705,37.45758991315961,-25.54565978050232
2020-07-11,13.119277998805046,-3.0460998155176635,-7.99185585975647
2020-07-13,34.46653285622597,-5.669083719607443,-22.82204657793045
2020-07-14,16.27778871357441,25.113107465207577,-30.6073856651783
2020-07-15,30.672270357608795,11.490464473608881,-30.780818313360214
2020-07-16,-4.580800011754036,50.17714610695839,-28.674701035022736
2020-07-17,-0.5780079364776608,46.69533820450306,-30.83104619383812
2020-07-18,11.038027733564377,-2.418042004108429,-8.020151942968369
2020-07-20,11.368388131260872,27.117038369178772,-26.313437700271606
2020-07-21,25.19279783964157,5.033964455127714,-23.720724761486053
2020-07-22,50.959449484944344,-7.9735645391047,-33.06937351822853
2020-07-23,31.968531765043736,7.058995531871915,-28.610468477010727
2020-07-24,14.82184799015522,30.145691458135843,-31.254174172878265
2020-07-25,24.161858677864075,-10.764051865786314,-11.855606228113174
2020-07-27,39.210592836141586,-5.969120351597667,-27.051873356103897
2020-07-28,19.705246210098267,18.689830912277102,-28.945743083953857
2020-07-29,47.21007804572582,-9.539442896842957,-32.66070106625557
2020-07-30,22.264270097017288,25.70915089547634,-33.34972143173218
2020-07-31,15.18142993748188,39.196260526776314,-34.53401166200638
2020-08-01,31.771151691675186,-15.408748179674149,-15.509988635778427
2020-08-03,28.010507836937904,10.231928646564484,-28.019782930612564
2020-08-04,22.224635921418667,27.653055772650987,-34.005129635334015
2020-08-05,37.492366746068,12.444608822464941,-38.29397416114807
2020-08-06,25.41815312206745,14.718218654394152,-27.830173075199127
2020-08-07,17.5456058755517,26.569316267967224,-30.217990696430206
2020-08-08,28.90768039226532,-14.926145195960999,-13.022189527750015
2020-08-10,31.71214498579502,1.9299588650465,-24.541449144482613
2020-08-11,41.860646456480026,4.2445597518235445,-33.086838126182556
2020-08-12,4.084559641778471,47.651397632434964,-32.3327733874321
2020-08-13,19.97140894830227,21.087803542613983,-30.36540350317955
2020-08-14,23.218357980251312,16.825737664476037,-26.788323760032654
2020-08-15,21.099061861634254,-2.890516236424445,-13.59408563375473
2020-08-17,29.98573026061058,7.754676301497966,-29.071762681007385
2020-08-18,20.163265585899353,15.013778493274003,-26.333533585071564
2020-08-19,32.95662584900856,11.8734674397856,-33.17085537314415
2020-08-20,-4.166705466806889,48.56280715763569,-29.757780820131302
2020-08-21,13.89722965657711,31.437677742913365,-29.953140079975128
2020-08-22,34.96493136882782,-18.0538615770638,-14.343178927898407
2020-08-24,28.636108726263046,15.767665529623628,-30.754364639520645
2020-08-25,15.195885434746744,29.057634353637695,-31.328232526779175
2020-08-26,23.06811923533678,12.312374103814363,-26.754278361797333
2020-08-27,26.228735759854317,17.80697436630726,-31.727023154497147
2020-08-28,20.686783134937286,24.164136447012424,-29.57660076022148
2020-08-29,11.842373341321945,0.34154313802719116,-9.526757895946503
2020-08-31,34.387856140732765,-2.133154634386301,-24.194973796606064
2020-09-01,36.38840985298157,15.801456317305565,-38.44754406809807
2020-09-02,24.595096483826637,21.22123334556818,-31.923760771751404
2020-09-03,2.356199443340304,42.71229447796941,-29.588004022836685
2020-09-04,-3.705926537513733,48.81757123256102,-27.928535521030426
2020-09-05,7.72743483632803,1.709797263145447,-6.3658157885074615
2020-09-07,2.250618778169155,32.7323707267642,-22.9636307656765
2020-09-08,-1.4094902127981188,35.43232332915068,-22.251117199659348
2020-09-09,-0.19159917533397675,29.797425776720047,-19.87593799829483
2020-09-10,29.553319707512856,14.000293046236038,-31.27980774641037
2020-09-11,-6.347614973783492,48.282708210870624,-26.50622069835663
2020-09-12,7.6294003427028665,1.920740321278572,-7.0549212992191315
2020-09-14,0.22315849363803864,38.97239320958033,-25.704177618026733
2020-09-15,13.717132590711117,21.54558177292347,-23.273073226213455
2020-09-16,24.761951476335526,21.646547600626945,-32.40018489956856
2020-09-17,1.5691476315259945,39.8613508194685,-25.00937557220459
2020-09-18,48.10162076354027,-13.775636434555057,-27.334528148174286
2020-09-19,27.922026246786118,-10.297892063856125,-14.535446286201477
2020-09-21,15.125099897384644,22.148527085781097,-25.66147616505623
2020-09-22,8.159571766853334,36.87087174132466,-29.684109658002853
2020-09-23,5.467679977416992,30.411371387541294,-23.13114443421364
2020-09-24,2.4926240146160126,50.74446953088045,-36.283114194869995
2020-09-25,24.326093189418316,11.601072896271944,-24.770533561706543
2020-09-26,15.971983388066292,-2.596215322613716,-10.483989626169205
2020-09-28,22.768117904663086,19.50071787834168,-29.2576901614666
2020-09-29,23.341864496469498,12.374089755117893,-28.000591188669205
2020-09-30,7.686816982924938,23.154334217309952,-22.432687789201736
2020-10-01,19.243222430348396,10.451528288424015,-21.81564313173294
2020-10-02,1.4174281284213073,23.33617912232876,-15.99467870593071
2020-10-03,15.54919858276844,-3.08729675039649,-10.330335319042206
2020-10-05,11.200680121779442,10.91982813179493,-16.06836637854576
2020-10-06,20.737709417939186,7.509660517796874,-20.01983806490898
2020-10-07,21.738869667053223,12.444591522216797,-24.80223360657692
2020-10-08,27.223708987236023,-4.039101332426071,-18.407664835453033
2020-10-09,33.22625721991062,-1.3026876710355275,-24.018368363380432
2020-10-10,34.66032913327217,-16.53919468447566,-15.313677906990051
2020-10-12,10.763024091720581,11.425597958266735,-15.667903333902359
2020-10-13,35.03889565169811,3.982613953296096,-29.44369876384735
2020-10-14,-0.8417596369981766,27.99723589979112,-18.538803815841675
2020-10-15,3.093988984823227,37.11888695508242,-27.504540592432022
2020-10-16,26.921290189027786,4.887894036248326,-24.813078075647354
2020-10-17,23.507839128375053,-6.782486855983734,-13.173252373933792
2020-10-19,14.294649675488472,17.13309806585312,-21.972967624664307
2020-10-20,18.62800832092762,16.339223565533757,-25.373397052288055
2020-10-21,22.68207883834839,9.54306803829968,-25.987743943929672
2020-10-22,6.2275498509407035,22.715365394949913,-20.521882981061935
2020-10-23,47.17300100624561,-10.249662354588507,-29.781224370002747
2020-10-24,21.915012776851654,-4.805815167725086,-12.964296877384184
2020-10-26,20.674192152917385,10.895746799185872,-23.532524526119232
2020-10-27,39.24074222147465,3.0872420780360708,-32.029743909835815
2020-10-28,26.094698265194893,15.599027024582028,-31.27550384402275
2020-10-29,12.357045337557793,20.1207680888474,-20.82775929570198
2020-10-30,6.748483911156654,22.001620776951313,-18.386270582675934
2020-10-31,22.98193594813347,-10.641513466835022,-11.275066703557968
2020-11-02,14.722766757011414,14.129386637359858,-19.754340767860413
2020-11-03,40.02353312075138,-7.9005972892045975,-25.307356148958206
2020-11-04,25.598934039473534,5.904586091637611,-24.16172358393669
2020-11-05,23.18103675544262,15.096992328763008,-28.3651085793972
2020-11-06,15.017100974917412,30.219915378838778,-29.36879399418831
2020-11-07,31.030181258916855,-12.051438584923744,-15.458136290311813
2020-11-08,5.199544668197632,-3.3026078939437866,-1.4697764813899992
2020-11-09,33.78191205859184,1.2293544858694077,-26.58090630173683
2020-11-10,18.060033097863197,17.346452850848436,-26.155004054307938
2020-11-11,33.25170987844467,5.1415845938026905,-29.003974556922913
2020-11-12,-0.4405579119920735,44.5915065407753,-28.308353692293167
2020-11-13,6.818021960556507,31.9930108753033,-24.305704653263092
2020-11-14,12.508683517575264,-2.0026702024042615,-7.992499947547913
2020-11-16,38.7631319463253,-6.29617765545845,-24.052675783634186
2020-11-17,18.35689228773117,17.571580089628696,-25.413509786128998
2020-11-18,17.29271325469017,18.129205279052258,-24.398488074541092
2020-11-19,10.47874028980732,21.94205065444112,-21.04820066690445
2020-11-20,7.149291321635247,14.645199596881866,-16.658029347658157
2020-11-21,28.08926746249199,-14.885615384206176,-10.824699997901917
2020-11-23,19.42651250958443,8.53694263100624,-21.0233516395092
2020-11-24,40.062187165021896,-9.968446388840675,-21.75485810637474
2020-11-25,51.222428768873215,-13.272624172270298,-31.86800041794777
2020-11-26,-2.1209528297185893,38.907158732414246,-23.542865842580795
2020-11-27,2.1210728287696847,32.660294408444315,-21.423069149255753
2020-11-28,7.625707060098648,3.5175931900739674,-8.04755163192749
2020-11-30,-1.0636548101902004,34.06802020967007,-20.583858102560043
2020-12-01,15.540964663028717,30.48641002178192,-30.70749780535698
2020-12-02,12.622516468167305,21.102397352457047,-24.92721351981163
2020-12-03,27.258533626794815,2.1381861572153875,-22.88083928823471
2020-12-04,4.151841416954992,37.931599140167236,-25.689567267894745
2020-12-05,31.914255738258362,-11.625399292912334,-16.093663185834885
2020-12-07,18.183111920952797,13.574901718646288,-22.574474424123764
2020-12-08,9.880086496472359,27.07238444685936,-25.600076109170914
2020-12-09,26.59298087656498,5.932391096372157,-27.491365760564804
2020-12-10,45.44447027146816,-2.2841706685721874,-31.66717004776001
2020-12-11,15.031385526061058,23.863107442855835,-26.811136066913605
2020-12-12,31.52896359562874,-12.285970240831375,-15.527730345726013
2020-12-14,43.2836470156908,-9.341499272733927,-24.93874031305313
2020-12-15,21.27318674325943,7.226687088608741,-19.33955779671669
2020-12-16,28.25730738043785,6.111319378018379,-26.198560655117035
2020-12-17,54.836222648620605,-15.580747398547828,-34.94355309009552
2020-12-18,37.86989349126816,1.7321127094328395,-29.64726409316063
2020-12-19,14.118062525987625,-4.543783088680357,-8.803453207015991
2020-12-21,20.81945639848709,16.82028617337346,-27.830425143241882
2020-12-22,7.2561635822057715,34.1846454590559,-26.30433663725853
2020-12-23,-1.3595509231090546,46.37749080359936,-29.127948880195618
2020-12-24,20.961568757891655,10.185329854488373,-22.798920333385468
2020-12-25,18.909715220332146,-1.842399768531323,-12.026773363351822
2020-12-26,14.601600885391235,-8.747851848602295,-5.713929057121277
2020-12-28,17.94340716302395,2.842179510742426,-17.696595400571823
2020-12-29,35.67581008374691,5.802419947460294,-30.001313000917435
2020-12-30,21.621645465493202,14.963530153036118,-25.82677721977234
2020-12-31,35.98897934705019,5.11254818364978,-30.66853430867195
2021-01-01,14.114086836576464,-4.712224960327148,-7.735034346580505
2021-01-02,15.516317531466484,-8.469328224658966,-6.708625644445419
2021-01-03,1.2714892625808716,-0.4189192652702331,-0.7686443328857422
2021-01-04,78.48588520288467,-6.072444509714841,-58.04515717923641
2021-01-05,80.9947454109788,-6.1114973202347755,-59.009534418582916
2021-01-06,22.745933152735233,18.333240654319525,-28.983304798603058
2021-01-07,26.473031491041183,8.098438873887064,-27.188706323504448
2021-01-08,48.24922859668732,-10.939066886901855,-30.027625411748886
2021-01-09,11.005742996931076,-4.1054604686796665,-5.866120129823685
2021-01-11,11.746495857834816,17.40985033288598,-23.050119012594223
2021-01-12,23.36900068819523,6.603877291083336,-22.531638592481613
2021-01-13,50.812067329883575,-12.08139063976705,-31.927615374326706
2021-01-14,23.649883151054382,7.771552041172981,-25.018185317516327
2021-01-15,39.794459000229836,5.4352996572852135,-33.91195636987686
2021-01-16,12.79666055738926,-2.8707392811775208,-8.707427322864532
2021-01-18,20.49450871348381,14.572630813345313,-25.53462553024292
2021-01-19,19.498316138982773,9.873987704515457,-24.100701957941055
2021-01-20,40.26876653730869,-12.208196312189102,-22.319459915161133
2021-01-21,23.865006685256958,0.8321833945810786,-19.991536408662796
2021-01-22,11.65074709802866,28.31075630337,-26.01997870206833
2021-01-23,21.564164370298386,-3.8044626191258426,-14.01096722483635
2021-01-25,26.110928282141685,6.778916340321302,-24.448134750127792
2021-01-26,25.18481494486332,6.1840429212898,-23.879463881254196
2021-01-27,4.163598909974099,41.63850563764572,-29.884569942951202
2021-01-28,15.665443800389767,20.088608358055353,-24.331749200820923
2021-01-29,10.69840969145298,28.45041597634554,-26.38261190056801
2021-01-30,21.05905255675316,-8.380622684955597,-10.875498503446579
2021-02-01,18.069798581302166,9.79642051458359,-20.292128711938858
2021-02-02,3.7443187832832336,48.43934491276741,-33.84128922224045
2021-02-03,21.045997694134712,30.5773866456002,-36.32446211576462
2021-02-04,23.908293299376965,17.976887250319123,-29.078937768936157
2021-02-05,15.293856829404831,49.53860513167456,-43.29263111948967
2021-02-06,8.732948943972588,2.6896488070487976,-8.484338462352753
2021-02-08,16.148231208324432,38.283784702420235,-36.601024836301804
2021-02-09,18.776454880833626,39.65130992978811,-39.617059141397476
2021-02-10,45.07272054255009,20.302934516221285,-45.76860699057579
2021-02-11,27.17578336596489,31.9804973192513,-38.98456555604935
2021-02-12,23.336032882332802,11.47207162156701,-26.07010692358017
2021-02-13,13.754637211561203,1.1213262397795916,-9.652823358774185
2021-02-15,55.16673441231251,-18.914936363697052,-29.76619988679886
2021-02-16,52.99331288039684,-6.064162172377109,-37.61439546942711
2021-02-17,24.229348108172417,30.128287910018116,-35.89184358716011
2021-02-18,20.285216599702835,28.937286591157317,-33.005180299282074
2021-02-19,24.376656621694565,35.1282866448164,-40.057284489274025
2021-02-20,13.027785152196884,-7.80570662021637,-3.992482155561447
2021-02-22,34.93753273785114,35.40788033045828,-47.39332750439644
2021-02-23,74.96256233751774,-20.202602088451385,-42.9049996137619
2021-02-24,18.135019347071648,26.373802388086915,-33.09795591235161
2021-02-25,44.40567755699158,17.27523655630648,-45.46628287434578
2021-02-26,5.9203998520970345,61.25266809761524,-42.58944860100746
2021-02-27,13.448497653007507,3.6558217480778703,-12.214048355817795
2021-03-01,80.87594683468342,-4.715606655925512,-58.78731349110603
2021-03-02,40.39519962668419,17.411604948341846,-39.78286609053612
2021-03-03,42.50871319323778,18.065464287996292,-45.827019929885864
2021-03-04,10.155613243579866,59.69078070297837,-46.013700753450394
2021-03-05,42.41417370736599,34.20944635570049,-53.927250891923904
2021-03-06,29.183069422841072,-13.223092189058661,-13.52578029036522
2021-03-08,59.37701761722565,-6.462318472564222,-39.99625000357628
2021-03-09,25.872331723570824,40.06573724001646,-45.8193302154541
2021-03-10,34.8467123657465,19.7820176333189,-41.184806406497955
2021-03-11,63.96886286139488,11.233336761593819,-56.16826173663139
2021-03-12,45.41434873640537,13.459411909803748,-43.726213067770004
2021-03-13,30.199767738580704,-17.233627647161484,-12.728511810302734
2021-03-15,55.019256591796875,-8.795098960399628,-37.089106261730194
2021-03-16,29.918669149279594,36.35407699644566,-44.149409115314484
2021-03-17,45.16922338306904,21.443905415013433,-47.999492317438126
2021-03-18,20.09773564338684,40.11404890008271,-42.60529288649559
2021-03-19,16.05673521757126,32.965477641671896,-34.09370794892311
2021-03-20,22.79452994465828,-7.591791700571775,-12.55988597869873
2021-03-22,35.1542951464653,20.761955507099632,-38.58696109056473
2021-03-23,29.325638860464096,33.32092683482915,-44.096900314092636
2021-03-24,22.693697184324265,32.931564047932625,-37.40919670462608
2021-03-25,20.203567914664745,58.031317837536335,-51.46673318743706
2021-03-26,32.60816588997841,41.38805663585663,-49.86044090986252
2021-03-27,20.21994423866272,-8.111704520881176,-9.80004471540451
2021-03-29,43.413794815540314,3.737569512799381,-35.58425530791283
2021-03-30,49.296757616102695,6.76861982047558,-42.749461352825165
2021-03-31,54.230255112051964,-1.8029151372611518,-37.38220697641373
2021-04-01,41.03017808496952,23.762441616505384,-46.9811472594738
2021-04-02,68.31348319351673,-25.280144531279802,-34.884391874074936
2021-04-03,15.923642247915268,-4.165225844830274,-9.032835811376572
2021-04-04,1.38825786113739,-0.5781421065330505,-0.6366708278656006
2021-04-05,27.471204206347466,21.754808992147446,-37.72101306915283
2021-04-06,28.137568101286888,19.024261521175504,-33.327613830566406
2021-04-07,62.78213384747505,-7.205384261906148,-44.23217797279358
2021-04-08,61.22720055282116,-7.772005409002302,-41.785939663648605
2021-04-09,43.74327343702316,7.873279321938753,-38.55578464269638
2021-04-10,22.80995738506317,-10.739062219858171,-9.96435695886612
2021-04-12,67.49119266867638,-23.89404709637165,-35.843522399663925
2021-04-13,44.14224645495415,11.165136655792594,-40.19911816716194
2021-04-14,46.37219759821892,-4.690553020685911,-31.165232002735138
2021-04-15,61.6133876144886,-8.831032134592533,-41.42718106508255
2021-04-16,56.89768300950527,-20.4508296251297,-31.23227360844612
2021-04-17,21.966176122426987,-11.786166045814753,-9.653975129127502
2021-04-18,-0.7293825149536133,1.6091901063919067,-0.5616344213485718
2021-04-19,54.082628190517426,-9.061251923441887,-36.930165499448776
2021-04-20,32.348403975367546,18.232735481113195,-35.414754539728165
2021-04-21,53.06632738560438,-11.409341514110565,-33.08392161130905
2021-04-22,49.7000395655632,-6.617895968258383,-33.959836602211
2021-04-23,34.55681635439396,-3.975171968340873,-22.475481003522873
2021-04-24,9.692108228802681,-4.875030305236578,-4.322211682796478
2021-04-26,42.299494817852974,2.4628884345293045,-31.809184551239014
2021-04-27,44.720954440534115,-3.9931690674275147,-30.15366369485855
2021-04-28,53.98075496405363,-11.39388945326209,-32.10688427090645
2021-04-29,64.74435555934906,-25.18789161927998,-33.8406708240509
2021-04-30,66.48066329956055,-27.60530813038349,-32.57712638378143
2021-05-01,24.305573791265488,-13.772946059703827,-9.182430356740952
2021-05-03,25.93667295575142,22.70661073923111,-30.141767919063568
2021-05-04,26.460546232759953,15.838456615805626,-30.954255044460297
2021-05-05,23.099591955542564,33.17430102452636,-37.88665995001793
2021-05-06,43.9961826056242,-5.089549481868746,-29.63757961988449
2021-05-07,37.95116189867258,7.537421567365527,-35.451094299554825
2021-05-08,18.729627460241318,-2.127644717693329,-13.315677791833878
2021-05-10,43.347545117139816,-6.973125074058773,-28.796403855085373
2021-05-11,24.916156947612762,27.37756236642599,-34.04970917105675
2021-05-12,37.6032822355628,19.15084120258689,-38.25481650233269
2021-05-13,14.547419860959053,50.685330882668495,-44.46007177233696
2021-05-14,27.91373434662819,17.791372690349817,-31.506688833236694
2021-05-15,24.73099520802498,-9.187765121459961,-13.109878569841385
2021-05-17,24.0643914192915,20.226208969950676,-30.465117067098618
2021-05-18,40.39903646707535,0.6095758229494104,-30.30911159515381
2021-05-19,-5.713671252131461,49.36389367096126,-27.485476672649384
2021-05-20,2.620864242315292,53.62234431691468,-38.240781396627426
2021-05-21,33.72274728119373,3.7956113517284407,-29.199460089206696
2021-05-22,10.638845637440681,-4.184192016720772,-5.254395127296448
2021-05-24,47.02314834296703,-8.11499336361885,-31.065569281578064
2021-05-25,54.94381804764271,-3.7105900603346527,-38.08837316930294
2021-05-26,41.39071527123451,3.7169973799027525,-35.751764357089996
2021-05-27,16.191481441259388,40.94025118649006,-36.16628962755203
2021-05-28,45.22693485021591,8.210993099957705,-40.617396265268326
2021-05-29,17.713905692100525,-8.967944085597992,-8.709011793136597
2021-05-31,49.350412636995316,-18.3336461186409,-22.860594481229782
2021-06-01,68.67980095744133,-25.404241800308228,-35.98118358850479
2021-06-02,45.53517831861973,4.684832978993654,-35.389795154333115
2021-06-03,55.104800686240196,-13.372913137078285,-33.79256924986839
2021-06-04,26.979484900832176,26.311286121606827,-35.79050362110138
2021-06-05,6.484745547175407,5.499044716358185,-8.847063839435577
2021-06-07,30.71455943584442,5.0998290553689,-26.474765986204147
2021-06-08,28.675276711583138,17.18347656726837,-33.289735198020935
2021-06-09,68.50167937576771,-9.946082919836044,-46.65295359492302
2021-06-10,41.91443344950676,-2.2419135458767396,-29.37783780694008
2021-06-11,59.55971994996071,-18.617016419768333,-32.81771218776703
2021-06-12,1.3922109603881836,10.814604237675667,-8.291971296072006
2021-06-14,21.311252504587173,19.775829270482063,-29.289761245250702
2021-06-15,9.894924908876419,39.65696087107062,-33.1255559027195
2021-06-16,29.442863881587982,15.479115927591922,-33.119821816682816
2021-06-17,46.628247022628784,-3.827944146469236,-30.983149349689484
2021-06-18,4.282387956976891,37.14917942881584,-25.496587485074997
2021-06-19,13.261295303702354,-4.354545086622238,-7.967219918966293
2021-06-21,23.64453110843897,16.137337647378445,-26.90874782204628
2021-06-22,47.70211225748062,-4.998592806980013,-32.363474160432816
2021-06-23,28.540402963757515,21.026189744472504,-33.86289283633232
2021-06-24,37.515661507844925,14.664775552228093,-35.778420209884644
2021-06-25,51.20769043266773,-10.018799304962158,-31.820256680250168
2021-06-26,18.541466906666756,-9.856554061174393,-7.346414476633072
2021-06-28,40.779343493282795,5.7349825240671635,-32.25020110607147
2021-06-29,18.04063805937767,23.778467308729887,-28.272933453321457
2021-06-30,46.39012132585049,10.913535818457603,-41.64089119434357
2021-07-01,35.17762126028538,11.935837775468826,-36.037384897470474
2021-07-02,43.758936777710915,-3.452036291360855,-31.477735072374344
2021-07-03,7.8379285633564,1.694971913471817,-6.664160847663879
2021-07-05,36.30969448387623,11.581404093652964,-33.32365462183952
2021-07-06,29.76266121864319,9.280271016061306,-26.791182160377502
2021-07-07,41.33616201579571,3.4712621718645087,-32.28975561261177
2021-07-08,20.53816619515419,23.991169925779104,-31.810483291745186
2021-07-09,46.27067832648754,-8.992754612118008,-27.93690437078476
2021-07-10,5.6493974179029465,3.5063610374927516,-6.907276272773743
2021-07-12,32.94451059401035,-4.375709881540388,-23.139905750751495
2021-07-13,39.12862065434456,-4.183051846921444,-25.351218223571777
2021-07-14,37.150187358260155,9.41277565434575,-35.65955573320389
2021-07-15,37.87111383676529,-0.6634064018726344,-27.749980479478836
2021-07-16,23.039626613259315,13.494095934554935,-26.28553143143654
2021-07-17,4.713442653417587,5.6033556163311005,-6.571441054344177
2021-07-19,11.495422452688217,30.80966215580702,-28.744456827640533
2021-07-20,18.913653999567032,25.60393800213933,-32.52733826637268
2021-07-21,36.87792184948921,-1.1111153215169898,-28.228051036596298
2021-07-22,33.99278263002634,5.635893701110036,-28.531378656625748
2021-07-23,64.03786650300026,-26.427904546260834,-29.934279948472977
2021-07-24,13.820077896118164,-6.694697380065918,-6.187362968921661
2021-07-26,51.86812648177147,-13.015773041173816,-29.396262526512146
2021-07-27,11.730608880519869,33.9602036178112,-31.577765941619873
2021-07-28,35.49563939869404,13.905541345477104,-35.61829513311386
2021-07-29,17.993960738182068,19.71527530858293,-24.757368683815002
2021-07-30,58.26173621416092,-14.784209787845612,-35.034792602062225
2021-07-31,2.2700944840908055,6.184611588716507,-6.655818611383438
2021-08-02,9.608888119459152,36.56903629982844,-28.802526712417603
2021-08-03,34.59063306450844,10.411748267710209,-31.2005355656147
2021-08-04,31.130047395825386,7.085100162774324,-25.65965187549591
2021-08-05,28.128118708729744,8.990253647789357,-25.700033962726593
2021-08-06,51.97222979366779,-16.339253708720207,-27.482031762599945
2021-08-07,23.335045099258423,-12.691047843545675,-9.973706632852556
2021-08-09,6.869281187653542,28.704774901270866,-22.338174253702164
2021-08-10,12.391255334019661,26.86296055652201,-27.03121316432953
2021-08-11,64.71189254522324,-21.63278605788946,-32.394930958747864
2021-08-12,72.70669960230589,-23.219639167189598,-38.19572934508324
2021-08-13,39.598298758268356,5.039237290620802,-32.64823141694069
2021-08-14,-1.8203968405723574,14.775107234716415,-7.931575119495392
2021-08-16,8.520807042717934,33.554149869829416,-27.719489097595215
2021-08-17,38.2743024751544,13.602932415902615,-36.219568490982056
2021-08-18,35.10452361404896,7.109136851504443,-31.42992353439331
2021-08-19,27.845053866505623,12.80086487531662,-28.629809319972992
2021-08-20,32.12277489900589,8.342909187078476,-28.226941376924515
2021-08-21,13.761900648474693,-3.5458808839321136,-7.587379515171051
2021-08-23,20.07103729993105,15.122753396630287,-24.68480834364891
2021-08-24,36.055177971720695,-5.412012616172433,-24.96029219031334
2021-08-25,28.553924091160297,-0.8127714693546304,-21.882346719503403
2021-08-26,29.400399520993233,7.20252214372158,-25.455349415540695
2021-08-27,54.20213121920824,-18.265880916267633,-28.479871973395348
2021-08-28,10.738821655511856,-1.8210992515087125,-5.9850864708423615
2021-08-30,52.81564136594534,-19.497768133878708,-26.743046671152115
2021-08-31,57.27178971469402,-18.762385442852974,-31.24512180685997
2021-09-01,33.28708663582802,11.265435323119165,-32.516630709171295
2021-09-02,57.28472778201103,-8.599043555557728,-34.68233144283295
2021-09-03,48.23461040854454,1.852464959025383,-37.0388058423996
2021-09-04,12.174506612122059,-3.428409665822983,-7.579978108406067
2021-09-06,43.57385677099228,-7.409198177978395,-26.821895956993103
2021-09-07,41.631922245025635,7.951940298080443,-37.206514686346054
2021-09-08,34.19094890356064,15.743657456710935,-33.81109896302223
2021-09-09,38.61951354146004,8.255976881831884,-33.2278835773468
2021-09-10,25.273820355534554,15.144662007689476,-29.359992563724518
2021-09-11,7.844951510429382,3.578130364418029,-8.844520181417465
2021-09-13,12.067606531083584,24.336177572607994,-23.512816905975342
2021-09-14,56.73426674306393,-9.980331771075726,-35.528520196676254
2021-09-15,37.581599712371826,2.379365699365735,-28.942167788743973
2021-09-16,20.908854603767395,26.21467623487115,-31.090431958436966
2021-09-17,41.37306064367294,-2.132378041744232,-29.149016171693802
2021-09-18,20.03438088297844,-8.968116223812103,-9.993071794509888
2021-09-20,7.598221272230148,28.035749968141317,-24.84330850839615
2021-09-21,0.5012529417872421,31.41407184302807,-20.1662480533123
2021-09-22,42.206907749176025,-0.880166403949262,-32.22544425725937
2021-09-23,19.5218475908041,15.07300716638565,-25.338926643133163
2021-09-24,26.847487464547157,6.847493249922991,-25.255493342876434
2021-09-25,15.43639874458313,-4.789714977145195,-8.323426246643066
2021-09-27,39.11955724656582,-5.3114388808608055,-23.806430503726006
2021-09-28,36.451214998960495,6.871813410893082,-32.197986125946045
2021-09-29,23.991371169686317,21.550239133182913,-33.30496355891228
2021-09-30,28.84574820101261,19.95433932542801,-33.49645206332207
2021-10-01,10.159072771668434,18.48628717660904,-19.09868350625038
2021-10-02,12.544035881757736,-4.4259138107299805,-6.972185373306274
2021-10-04,6.139701038599014,14.127755165100098,-13.767138123512268
2021-10-05,21.940483182668686,3.838800949975848,-18.883283227682114
2021-10-06,18.854958847165108,12.672212578356266,-25.66106277704239
2021-10-07,9.927846446633339,18.982777774333954,-20.863315254449844
2021-10-08,28.19686222076416,7.4208178371191025,-26.316592156887054
2021-10-09,12.4718317091465,-1.4256679825484753,-7.415932536125183
2021-10-11,27.56710310280323,12.641544986516239,-27.567261084914207
2021-10-12,27.092193827033043,19.43748144991696,-33.00758162140846
2021-10-13,44.580998092889786,2.001421008259057,-37.581759452819824
2021-10-14,22.7256201505661,19.180967502761632,-28.856908172369003
2021-10-15,31.2031409740448,2.9699330627918243,-25.07847425341606
2021-10-16,11.534868359565735,-1.2893244624137878,-7.538136750459671
2021-10-18,32.6864805072546,5.2879254519939405,-27.801817893981934
2021-10-19,19.767495453357697,14.312724822666496,-23.52616575360298
2021-10-20,10.705599181354048,32.839967641979456,-30.74994507431984
2021-10-21,19.91587160527706,19.11621330305934,-25.740805834531784
2021-10-22,11.392492920160294,27.429267102852464,-26.373960316181183
2021-10-23,-4.787746772170067,10.813320815563202,-4.558430641889572
2021-10-25,31.52871986478567,2.499793861061337,-26.946622133255005
2021-10-26,41.17539019137621,-1.001023586839438,-31.920166224241257
2021-10-27,34.23152957856655,10.989525634795427,-33.45718044042587
2021-10-28,40.92785508930683,-1.7024751398712388,-27.993709474802017
2021-10-29,31.431184381246567,0.17582668550312563,-23.403420835733414
2021-10-30,20.92835296690464,-10.583360239863396,-9.061975419521332
2021-11-01,21.728066086769104,14.280427688732743,-25.848000675439835
2021-11-02,43.3949833214283,-11.368330802768469,-27.219485819339752
2021-11-03,29.804355174303055,10.712561950087549,-29.943146735429764
2021-11-04,4.5056464076042175,26.983927309513092,-21.57540401816368
2021-11-05,51.14950303733349,-19.197990134358406,-24.782823503017426
2021-11-06,7.702872313559055,2.6570090353488918,-6.892884850502014
2021-11-08,25.00471444427967,-9.374857898335904,-13.30390664935112
2021-11-09,37.434023439884186,-3.073078328743578,-25.45052245259285
2021-11-10,27.298052325844765,10.050134527496994,-27.737913876771927
2021-11-11,45.51042750477791,2.7083207368850726,-35.841246634721756
2021-11-12,52.667590126395226,-20.628789618611336,-27.2767014503479
2021-11-13,8.77421323955059,1.7710284646600485,-7.011964797973633
2021-11-15,21.61301475763321,18.167124535888433,-28.973874807357788
2021-11-16,21.283308148384094,22.191022336483,-29.60337659716606
2021-11-17,45.60889455676079,-5.266054672654718,-29.80153638124466
2021-11-18,28.646663144230843,9.597999023273587,-28.43316087126732
2021-11-19,32.594133257865906,19.574233144521713,-36.980647176504135
2021-11-20,18.254437536001205,-6.224508047103882,-8.307781994342804
2021-11-22,17.693523794412613,20.9191662222147,-26.272215336561203
2021-11-23,18.82880836725235,15.620247858110815,-25.001313418149948
2021-11-24,15.773038677871227,20.544692292809486,-25.000659987330437
2021-11-25,19.473485611379147,13.79782136157155,-21.070483416318893
2021-11-26,29.738920897245407,9.208128780126572,-28.497405886650085
2021-11-27,1.9430416598916054,10.086340188980103,-8.347198873758316
2021-11-29,-6.047027990221977,44.30381152033806,-23.6129390001297
2021-11-30,-0.17462047934532032,30.64552951604128,-19.45932909846306
2021-12-01,-6.395062804222107,49.35342017188668,-26.56370159983635
2021-12-02,22.24644209444523,18.981501311063766,-28.33894169330597
2021-12-03,0.7598487436771393,23.13611513376236,-14.729063421487808
2021-12-04,7.409578323364258,2.495547803118826,-7.862760663032532
2021-12-06,23.02317464351654,0.33891694247722626,-17.47963684797287
2021-12-07,32.17683644592762,1.5853906087577339,-24.287423938512802
2021-12-08,11.951315104961395,19.193864092230797,-17.785399198532104
2021-12-09,38.92580811679363,-6.306725710630418,-25.32140091061592
2021-12-10,18.37745800614357,18.145912351086736,-24.58735030889511
2021-12-11,15.137570559978485,-5.128734488040209,-8.100582629442215
2021-12-13,29.556898534297943,-2.5459105521440515,-18.438133865594864
2021-12-14,27.65100008994341,12.402768418192863,-26.92291358113289
2021-12-15,19.644274652004242,16.483026271685958,-24.840258479118347
2021-12-16,22.72510588169098,21.621172339189798,-31.705559104681015
2021-12-17,21.45462329685688,5.980791583657265,-20.892629325389862
2021-12-18,4.714010328054428,4.671701729297638,-7.082487344741821
2021-12-20,13.38077887892723,10.95314466767013,-16.796784937381744
2021-12-21,-1.5712050050497048,38.89927726984024,-23.83443158864975
2021-12-22,44.942366525530815,-9.527477372437716,-27.066636502742767
2021-12-23,45.95662246644497,-12.046988748013973,-25.675982236862183
2021-12-24,31.787016347050667,-13.692867517471313,-13.44534769654274
2021-12-27,33.822247229516506,5.3980806060135365,-27.049301356077194
2021-12-28,10.34915266931057,26.498871149495244,-24.03308293223381
2021-12-29,19.0416112691164,16.442288234829903,-23.61086767911911
2021-12-30,34.069104582071304,2.6304581910371785,-26.6399188041687
2021-12-31,22.028683573007584,2.8058133125305185,-19.872101545333862
2022-01-01,21.534139648079872,-9.102007627487183,-10.83989092707634
2022-01-03,22.271937869489193,-8.30108454823494,-11.160434901714325
2022-01-04,21.53500623255968,8.452513683587313,-19.64477464556694
2022-01-05,38.813346832990646,-2.7313390374183655,-25.91443532705307
2022-01-06,16.582328885793686,18.690881326794624,-25.371786177158356
2022-01-07,14.111140608787537,24.44024598831311,-26.601427644491196
2022-01-08,18.019589960575104,-8.72427350282669,-8.432439744472504
2022-01-10,29.7961096316576,-0.4438695721328263,-22.94217723608017
2022-01-11,9.731151267886162,19.20021218061447,-18.05513870716095
2022-01-12,34.51318030804396,-2.558632854372263,-23.693508833646774
2022-01-13,26.771778263151646,2.0249365344643597,-21.36996191740036
2022-01-14,18.842306047677994,24.406176584307104,-29.05930182337761
2022-01-15,17.774710953235626,-7.945998132228851,-7.877360850572586
2022-01-17,35.17217619717121,-13.980920255184174,-15.755853176116943
2022-01-18,39.90385939180851,-1.0342564913444225,-28.805262207984924
2022-01-19,27.51289513707161,-0.9811287075281143,-20.490208983421326
2022-01-20,29.036445304751396,11.91860130801797,-28.777201890945435
2022-01-21,11.498791947960852,27.15188583964482,-26.116547793149948
2022-01-22,28.6447846442461,-12.750527679920197,-14.074802339076996
2022-01-24,18.898367881774902,13.676793778780848,-23.64974918961525
2022-01-25,30.6082174628973,0.5154399946331978,-25.649184077978134
2022-01-26,34.0829744040966,-2.2284449692815547,-25.75764372944832
2022-01-27,16.67383986711502,17.420539991930127,-23.240217834711075
2022-01-28,38.32881037890911,-9.613497031386942,-23.409575581550598
2022-01-29,12.095293641090393,-1.2771146856248383,-8.467002362012863
2022-01-31,31.234088584780693,-15.575588583946228,-14.092002421617508
2022-02-01,2.133023649454117,-0.17099937796592712,-1.5547318756580353
2022-02-02,5.093599282205105,-0.15073806047439553,-3.6788459420204163
2022-02-03,1.9072806537151337,8.183566749095917,-6.876443982124329
2022-02-04,11.507432535290718,17.94806120544672,-17.939226061105728
2022-02-05,33.069029569625854,-19.040675565600395,-11.982222020626068
2022-02-07,11.398596808314323,10.703803989104927,-15.599656879901886
2022-02-08,18.041351690888405,2.8432094901800156,-16.046739980578423
2022-02-09,8.518082924187183,14.142701514065266,-15.898308157920837
2022-02-10,24.4741430580616,9.524672627449036,-23.441910952329636
2022-02-11,14.953521981835365,19.48050201125443,-23.610107481479645
2022-02-12,9.402034804224968,-2.9349462687969208,-5.636983960866928
2022-02-14,40.81306850910187,-8.611692622303963,-24.312881112098694
2022-02-15,29.627069227397442,4.318632482085377,-25.137873768806458
2022-02-16,11.92759221792221,18.07485444098711,-20.07519879937172
2022-02-17,14.92272612452507,10.948540203273296,-17.34464341402054
2022-02-18,25.71448566019535,0.32846690714359283,-18.829814046621323
2022-02-19,23.776083141565323,-10.074403837323189,-10.546672374010086
2022-02-21,16.287186160683632,6.086282756179571,-16.811844795942307
2022-02-22,14.968924477696419,6.698106473311782,-16.439273566007614
2022-02-23,23.624396115541458,6.930328704416752,-22.114860892295837
2022-02-24,11.576826512813568,21.761905651539568,-21.43961426615715
2022-02-25,46.17807560414076,-14.514904975891113,-25.51472157239914
2022-02-26,4.391528680920601,3.1523708812892437,-6.578486323356628
2022-02-28,16.49055878818035,17.73567346483469,-22.475277930498123
2022-03-01,15.881901502609253,11.348904684185982,-18.05131286382675
2022-03-02,21.583973921835423,10.531543364748359,-22.49326193332672
2022-03-03,23.251733221113682,6.97856469079852,-22.091713190078735
2022-03-04,29.46639985591173,-1.5664307810366158,-18.871853560209274
2022-03-05,9.710304200649261,-2.208427146077156,-5.966119289398193
2022-03-06,-0.461294561624527,1.167271852493286,-0.5318697690963745
2022-03-07,5.143974110484124,14.501623690128326,-14.745247721672058
2022-03-08,11.452520176768303,19.08666243776679,-20.150080680847168
2022-03-09,32.34147283434868,-1.3068771362304679,-25.388853520154953
2022-03-10,16.616735562682152,24.32010492682457,-28.768919110298157
2022-03-11,17.24158152937889,10.344537731260061,-17.77635070681572
2022-03-12,17.99240130186081,-10.180530428886414,-6.4442428052425385
2022-03-14,7.720059886574745,17.625726997852325,-17.76008278131485
2022-03-15,20.663510486483574,15.686678546015173,-24.461428254842758
2022-03-16,28.59897045791149,-0.350619068369269,-22.06286945939064
2022-03-17,13.546071842312813,18.99025648832321,-23.873179703950882
2022-03-18,43.903878793120384,-5.385452553629875,-30.519492506980896
2022-03-19,21.78480699658394,-11.673713982105255,-8.737693756818771
2022-03-21,30.576819375157356,-7.327510768547654,-18.350089579820633
2022-03-22,32.44690351188183,-1.744226260110735,-23.389657616615295
2022-03-23,18.00030855834484,16.631681725382805,-24.645916670560837
2022-03-24,12.899306885898113,21.194574451539665,-23.07400155067444
2022-03-25,46.105966702103615,-8.814697084948419,-28.80037012696266
2022-03-26,13.889073938131332,-8.324470162391663,-5.4550661444664
2022-03-28,30.441055104136467,4.381737006828188,-25.29375061392784
2022-03-29,13.03503182530403,23.458448560908437,-24.861878395080566
2022-03-30,17.01666483283043,20.369583889842033,-25.144318372011185
2022-03-31,20.818065315485,14.690898776054382,-24.13957667350769
2022-04-01,36.916052505373955,6.108854126185179,-32.02616947889328
2022-04-02,10.620504915714264,-4.105942428112029,-5.937076777219772
2022-04-03,0.3526030480861664,-0.1419673413038253,-0.4307774603366852
2022-04-04,9.40118196606636,4.655649956315756,-9.730911910533905
2022-04-05,9.209570489823818,3.327923843637109,-8.489283919334412
2022-04-06,21.626054897904396,8.110252499580383,-21.595827043056488
2022-04-07,11.966298013925552,18.19933200068772,-20.663844287395477
2022-04-08,28.50938145816326,2.2195940762758255,-23.679913848638535
2022-04-09,22.53712236881256,-12.798178553581238,-8.900085091590881
2022-04-11,18.21741057932377,6.073188275098801,-18.798242688179016
2022-04-12,41.159286826848984,-5.180204279720783,-27.483559727668762
2022-04-13,36.24907203018665,-1.0940825790166868,-27.525078535079956
2022-04-14,35.89364342391491,8.236321240663527,-30.185962706804276
2022-04-15,37.23471787571907,2.060784555971623,-28.999059319496155
2022-04-18,25.76207146793604,2.5897386767901494,-21.0178299844265
2022-04-19,24.182971939444542,14.846915550529957,-28.153623431921005
2022-04-20,11.925582274794579,29.99107038229704,-27.559856474399567
2022-04-21,45.824588626623154,-3.4303590506315222,-31.27270406484604
2022-04-22,61.88025888800621,-17.89620218425989,-34.668755769729614
2022-04-25,11.086079090833664,24.504607163369656,-24.949232548475266
2022-04-26,15.741553708910944,25.4481891002506,-29.66433784365654
2022-04-27,45.519493877887726,-9.64139873534441,-28.294837653636932
2022-04-28,27.763749718666077,13.743295341730118,-30.199780523777008
2022-04-29,36.0991792306304,6.601975798606873,-31.38341975212097
2022-04-30,-0.43878784775733953,2.7882134467363358,-2.1724475026130676
2022-05-02,-10.1243357360363,30.915712611284107,-13.182564944028854
2022-05-03,16.636486254632473,5.654086843132973,-17.491055756807327
2022-05-04,18.9302796125412,12.752435103058815,-21.376328319311142
2022-05-05,15.621844254434109,28.725513396784663,-31.42712157964706
2022-05-06,28.06778872013092,19.08019907772541,-33.084928661584854
2022-05-07,1.9694030284881592,3.932691603899002,-3.8787162601947784
2022-05-09,37.65998524427414,7.7549760788679105,-33.74893140792847
2022-05-10,19.272542133927345,19.073263689875603,-26.423799723386765
2022-05-11,21.174302577972412,18.398776277899742,-27.655234426259995
2022-05-12,17.031345814466476,33.62055517733097,-34.67873418331146
2022-05-13,39.95614391565323,-4.421662537381054,-28.57744100689888
2022-05-14,3.87719663977623,-1.9953317400068045,-1.504111051559448
2022-05-15,3.167645215988159,-2.08837628364563,-1.0555212497711182
2022-05-16,7.159836009144785,41.57378625869751,-32.92809733748436
2022-05-17,21.08415688574314,22.329280365258455,-29.42507266998291
2022-05-18,27.475241295993328,7.094801753759384,-26.42113733291626
2022-05-19,6.570775419473648,25.73406109213829,-23.096735328435898
2022-05-20,41.72528713941574,8.895532276481392,-35.02206999063492
2022-05-21,11.343345284461975,-4.590828239917755,-5.743421226739883
2022-05-23,27.94602108001709,13.30013993382454,-30.21344754099846
2022-05-24,30.510892182588577,9.321666970849037,-29.10779282450676
2022-05-25,26.93541671335697,17.67292059957981,-30.282439708709717
2022-05-26,27.043416902422905,18.254514545202255,-30.590989023447037
2022-05-27,54.388182297348976,-14.999620005488396,-31.77272817492485
2022-05-28,9.611674696207047,-4.974378645420075,-3.708971947431564
2022-05-30,45.90815596282482,-8.287625700235367,-27.602804094552994
2022-05-31,43.136338755488396,-8.707320339977741,-27.521804600954056
2022-06-01,38.921240240335464,-0.7474665846675639,-32.24496814608574
2022-06-02,25.136278457939625,30.573166828602552,-36.75436586141586
2022-06-03,21.559075221419334,7.387407492846251,-20.179990500211716
2022-06-04,13.602486491203308,-8.22922520339489,-5.725148051977158
2022-06-06,47.72361233830452,-16.635247407481074,-25.617906510829926
2022-06-07,31.27208410948515,-2.066856298595667,-22.352458104491234
2022-06-08,36.89214400947094,11.444262312725186,-35.269848465919495
2022-06-09,18.567759424448013,21.690225960686803,-28.710645750164986
2022-06-10,62.00017309188843,-15.748808573931457,-35.73877868056297
2022-06-11,11.38557255268097,-6.550765514373779,-4.5088136196136475
2022-06-13,27.170635171234608,0.529466327279807,-21.911173164844513
2022-06-14,25.28054776787758,21.085754681378603,-34.403789073228836
2022-06-15,23.441373839974403,25.343672171235085,-34.6736304461956
2022-06-16,0.9262247979640961,47.708141669631004,-34.822559744119644
2022-06-17,31.653427988290787,13.58938234532252,-33.59332060813904
2022-06-20,32.32618337869644,3.5193028301000595,-28.016503393650055
2022-06-21,0.015468686819076649,31.274589087814093,-20.758829295635223
2022-06-22,14.507249847054482,24.996990986634046,-28.28965213894844
2022-06-23,4.773500025272369,32.08273607492447,-24.86425545811653
2022-06-24,15.0067348331213,34.47068013995886,-29.414002627134323
2022-06-25,3.69611382484436,-2.394646883010864,-1.0681934356689453
2022-06-27,7.249178200960159,32.25704106502235,-25.298676162958145
2022-06-28,13.404561407864094,24.685615830123425,-25.61077892780304
2022-06-29,14.161741130053997,28.59191028214991,-29.429275155067444
2022-06-30,20.527808286249638,29.635549813508987,-35.10341066122055
2022-07-01,33.31296552717686,2.6413727179169673,-26.741542607545853
2022-07-02,2.7178566455841064,-1.3845000267028809,-0.6003594398498534
2022-07-04,15.968807220458984,24.09098957479,-23.767004013061523
2022-07-05,12.774649500846863,21.36323406919837,-21.59550228714943
2022-07-06,9.90019690990448,39.89896850287914,-30.752198815345764
2022-07-07,16.866843298077583,21.67627307213843,-26.837106317281723
2022-07-08,61.01578609645367,-12.69239367544651,-35.40036116540432
2022-07-09,2.179779291152954,-0.807249367237091,-0.7470273375511168
2022-07-11,15.57998152077198,19.9375166837126,-23.040580421686172
2022-07-12,19.6884748339653,15.403367314487696,-22.862047493457794
2022-07-13,12.615854769945145,30.16464014351368,-28.06972025334835
2022-07-14,25.16077211499214,15.66603285074234,-30.36468169093132
2022-07-15,41.11740796267986,11.077495545148848,-37.94033458828926
2022-07-16,7.833494067192078,-4.208866059780121,-3.5644792020320892
2022-07-18,21.254493787884712,19.023040115833282,-29.060371577739716
2022-07-19,39.69398611783981,9.688117416575551,-35.73715350031853
2022-07-20,6.214101076126097,28.94980865949765,-23.53746446967125
2022-07-21,-4.110609412193298,41.32885830104351,-22.996610164642334
2022-07-22,21.198235794901848,8.952428344637156,-20.71342021226883
2022-07-23,4.2442097663879395,-3.3115396499633794,-1.508570909500122
2022-07-25,30.640592329204082,8.424352185800672,-27.20075911283493
2022-07-26,21.414031237363815,29.341818798333406,-31.315541729331017
2022-07-27,13.156674981117249,17.933926112949848,-22.170384973287582
2022-07-28,25.363097667694092,4.9866487234830865,-23.86971677839756
2022-07-29,22.888742327690125,13.674387946724892,-25.086064115166664
2022-07-30,6.174643516540528,-4.129646301269531,-2.248518466949463
2022-08-01,35.92034590244293,0.5038332343101501,-27.90952679514885
2022-08-02,18.362077295780182,8.32079735584557,-18.1376673579216
2022-08-03,6.968012981116772,33.45428121089935,-27.465292394161224
2022-08-04,3.8612738847732535,48.35436648130417,-33.16853949427605
2022-08-05,12.143557667732237,25.458171594887972,-23.836370557546616
2022-08-06,4.287879943847656,-2.711747169494629,-1.2926201820373535
2022-08-08,31.318985804915428,-4.503038585186004,-20.05330389738083
2022-08-09,20.690224431455135,15.15897598862648,-23.862408995628357
2022-08-10,39.65522523224354,5.007383753545582,-33.054717898368835
2022-08-11,22.96063233911991,10.084056824445724,-24.409444868564606
2022-08-12,42.931914716959,-3.7206718623638144,-29.17325332760811
2022-08-13,8.797762870788574,-5.190670013427734,-3.496145248413086
2022-08-15,22.845211893320084,11.635206907987595,-24.15052518248558
2022-08-16,13.219780892133713,26.86374469101429,-26.557782143354416
2022-08-17,17.183071807026863,25.596600176766515,-28.671069890260696
2022-08-18,12.14168855547905,17.05656135082245,-18.218726307153702
2022-08-19,20.42779252678156,15.20687085390091,-24.014579594135284
2022-08-20,9.399819016456604,-5.514059007167816,-3.943588018417359
2022-08-22,13.211926087737083,17.74112879112363,-20.997116565704346
2022-08-23,8.269695550203323,39.21077412366867,-30.554175704717636
2022-08-24,23.46623733639717,24.744154144078493,-32.97283473610878
2022-08-25,10.132278084754944,34.78434852743521,-27.79321077466011
2022-08-26,23.393790662288666,2.8420494068413964,-18.394701823592186
2022-08-27,9.325219422578812,-5.51350724697113,-4.14703643321991
2022-08-29,-1.8502486348152163,48.79199527204037,-30.942022770643234
2022-08-30,24.951113313436508,15.530341113451868,-27.676317870616913
2022-08-31,29.6342428997159,7.980388633906841,-28.48369237780571
2022-09-01,21.30494450032711,17.477687776088715,-28.218854904174805
2022-09-02,19.50019045174122,28.512362528592348,-31.984007209539413
2022-09-03,9.571718215942383,-5.339395999908448,-3.901246547698975
2022-09-05,16.88752095401287,14.599194347858429,-22.185830682516098
2022-09-06,21.410788103938103,27.735214918851852,-30.477822721004486
2022-09-07,15.5028707832098,28.371667005121708,-27.191587537527084
2022-09-08,18.604792535305023,36.357496201992035,-35.66293740272522
2022-09-09,24.04906327277422,11.076877683401108,-25.57177659869194
2022-09-10,9.916555404663086,-5.639833450317383,-4.052855491638184
2022-09-12,11.293613255023956,10.138982385396957,-13.695887804031372
2022-09-13,28.15751926600933,20.637517305091023,-33.416120797395706
2022-09-14,20.818841136991978,12.815290290862322,-23.882487535476685
2022-09-15,3.7897327318787575,34.64137889072299,-24.839946299791336
2022-09-16,24.074951440095905,22.14036551117897,-30.42647059261799
2022-09-17,5.425920009613037,-3.42616605758667,-2.1331894397735596
2022-09-19,-2.457743190228939,44.52849645353854,-30.28527782857418
2022-09-20,13.799934435635805,40.68150952458382,-34.84765411913395
2022-09-21,17.652628988027573,44.084194149822,-42.081665962934494
2022-09-22,13.373734325170517,25.199996307492256,-26.16430750489235
2022-09-23,38.43289089202881,0.033456027507781094,-29.844374179840088
2022-09-24,9.078674405813217,-3.435998320579529,-4.585834383964539
2022-09-26,0.3239409625530228,43.499604906886816,-28.17147597670555
2022-09-27,0.918806865811348,45.806704360991716,-30.048691749572754
2022-09-28,16.3793530613184,36.26033806242049,-37.65903767943382
2022-09-29,23.126496724784374,19.579668313264847,-29.489767983555794
2022-09-30,17.304039165377617,3.5933344066143036,-14.357252985239029
2022-10-01,10.458775520324707,-6.083263397216797,-4.1964240074157715
2022-10-03,4.80817137658596,15.39403249323368,-13.87613907456398
2022-10-04,13.958383470773697,3.840206034481525,-13.492500513792038
2022-10-05,13.019159868359566,4.572510179132223,-11.393257588148117
2022-10-06,13.697887301445007,9.191340880468486,-16.859640210866928
2022-10-07,29.82454363256693,4.568933736532927,-25.632048904895782
2022-10-08,8.475712776184082,-3.9724792242050166,-3.301898181438446
2022-10-09,4.145081162452698,-0.9002552032470703,-2.7525991201400757
2022-10-10,36.51630902290344,3.8465703409165144,-29.091232508420944
2022-10-11,18.276697993278503,35.76024979772046,-36.40149864554405
2022-10-12,32.33394794166088,7.367692109197378,-29.547334104776382
2022-10-13,28.80255238711834,12.285270020365715,-29.318580001592636
2022-10-14,10.778048664331436,25.78690403699875,-23.62252366542816
2022-10-15,1.0584614276885986,-0.2627612352371216,-0.5190812945365906
2022-10-17,19.73421122133732,36.59253868460655,-37.39902365207672
2022-10-18,25.792706683278084,20.264621570706367,-32.10514071583748
2022-10-19,11.247217252850533,24.02800101786852,-24.74824821949005
2022-10-20,15.276135250926018,21.43032424384728,-26.695471823215485
2022-10-21,11.774010613560677,44.976210944354534,-38.34001064300537
2022-10-22,1.9044673442840576,0.6924526691436768,-2.3060590028762817
2022-10-24,22.63876260817051,24.184851109981537,-33.8143190741539
2022-10-25,6.95778274536133,42.20909585058689,-32.003369241952896
2022-10-26,18.10799467563629,29.267520517110825,-31.433167725801468
2022-10-27,14.147530131042004,32.46178847551346,-34.08203202486038
2022-10-28,19.784349992871284,21.622355671599507,-30.421905636787415
2022-10-29,7.803383350372314,-4.476202487945557,-3.168936014175415
2022-10-31,30.63904496282339,17.222707256674767,-32.18307100236416
2022-11-01,28.449837520718575,8.950726360082626,-28.708436459302902
2022-11-02,19.559336006641388,32.14527005888522,-37.66104677319527
2022-11-03,24.358747631311417,14.865583898499608,-27.688040524721146
2022-11-04,32.55768419802189,7.144923651590943,-27.86208614706993
2022-11-05,3.1567234694957733,-1.041618503630161,-1.3536901772022245
2022-11-07,31.47492492944002,-9.508955009281635,-18.924187645316124
2022-11-08,30.823734879493713,6.221177726984024,-27.67535549402237
2022-11-09,25.06687968224287,20.99630655348301,-32.665035754442215
2022-11-10,31.311654195189476,14.013741850852966,-32.14583459496498
2022-11-11,57.56052413582802,-19.059960631653666,-31.35558569431305
2022-11-14,47.3342270553112,9.356794156134129,-41.43906396627426
2022-11-15,39.35736833512783,5.883334204554559,-32.451330214738846
2022-11-16,13.517949119210243,40.9604807626456,-33.40740326046944
2022-11-17,38.89411777257919,9.144899904727936,-35.4978864043951
2022-11-18,27.32374806702137,30.46055256575346,-41.82799908518791
2022-11-19,4.035788536071777,-2.751438856124878,-1.5432144403457642
2022-11-21,23.200957119464874,26.57242601364851,-33.802372455596924
2022-11-22,11.180281519889832,40.95869745500386,-35.70192387700081
2022-11-23,37.46878345310688,11.189963024109604,-36.77902436256409
2022-11-24,22.728192940354344,25.27079552412033,-32.69590550661087
2022-11-25,25.175699338316917,18.811501413583755,-32.77012646198273
2022-11-28,42.87459146976471,12.606091499328613,-40.620283395051956
2022-11-29,26.488881900906563,8.37975091487169,-25.821429699659348
2022-11-30,15.755617901682854,23.179275350645185,-26.615891098976135
2022-12-01,36.28692185878754,7.452581711113451,-31.43687266111374
2022-12-02,36.46442510932684,4.994959050789475,-30.36793753504753
2022-12-05,33.75592905282974,2.9476226270198813,-27.021643102169037
2022-12-06,12.3775904327631,32.23903391137719,-31.259220451116562
2022-12-07,9.750465124845505,52.3209760338068,-41.78620320558548
2022-12-08,15.73153018951416,36.87001031637192,-33.92646482586861
2022-12-09,14.735913246870041,18.6034574508667,-23.96752542257309
2022-12-10,4.280411958694458,-2.7762909829616547,-1.8997218906879425
2022-12-12,6.328369125723839,36.115686893463135,-27.366186663508415
2022-12-13,25.087073259055614,8.70810607075691,-24.538672760128975
2022-12-14,24.069274812936783,10.052024513483047,-23.940126329660416
2022-12-15,16.94932945072651,35.57850906252861,-36.344306111335754
2022-12-16,8.143864512443542,35.15417223609984,-28.819230139255524
2022-12-19,11.204392746090889,14.982726136222482,-17.30863130092621
2022-12-20,4.511730790138245,19.982162207365036,-16.860708862543106
2022-12-21,25.41804274916649,6.1489538960158825,-23.523301392793655
2022-12-22,25.89928747713566,4.844916072674095,-21.213218957185745
2022-12-23,23.36276651918888,4.861853033304213,-21.109743356704712
2022-12-24,1.857093095779419,-1.1521391868591309,-0.6639047861099243
2022-12-26,12.747457452118397,9.325550008565186,-15.329597055912018
2022-12-27,-1.5349366962909698,32.35728362202644,-20.49266940355301
2022-12-28,4.526812091469765,18.8655051458627,-16.75838676095009
2022-12-29,20.397308945655823,8.322168171405794,-20.031361490488052
2022-12-30,13.906900696456432,12.707853898406029,-20.57375729084015
