date,收盘,开盘,高,低
2022/12/30,7.3814,7.4254,7.4303,7.3439
2022/12/29,7.4227,7.4044,7.445,7.3888
2022/12/28,7.403,7.4069,7.4474,7.3948
2022/12/27,7.404,7.4061,7.4292,7.3935
2022/12/26,7.403,7.417,7.4338,7.3874
2022/12/23,7.4171,7.4001,7.4324,7.3938
2022/12/22,7.397,7.4053,7.4392,7.3843
2022/12/21,7.402,7.3969,7.4292,7.3906
2022/12/20,7.3922,7.4026,7.4338,7.3785
2022/12/19,7.3993,7.3854,7.4289,7.3788
2022/12/16,7.3765,7.4103,7.4353,7.3805
2022/12/15,7.408,7.4257,7.4725,7.3867
2022/12/14,7.4238,7.3841,7.4346,7.3754
2022/12/13,7.3804,7.3502,7.4482,7.3481
2022/12/12,7.3506,7.3258,7.3824,7.3105
2022/12/9,7.3246,7.3569,7.3753,7.3102
2022/12/8,7.3521,7.3259,7.3614,7.3116
2022/12/7,7.3222,7.3245,7.3618,7.2915
2022/12/6,7.3215,7.3025,7.3664,7.3018
2022/12/5,7.3028,7.3821,7.4228,7.2958
2022/12/2,7.3966,7.4132,7.4325,7.3196
2022/12/1,7.41,7.3811,7.442,7.3484
2022/11/30,7.375,7.3948,7.4067,7.2977
2022/11/29,7.3908,7.4532,7.4625,7.3881
2022/11/28,7.4503,7.4391,7.5489,7.4165
2022/11/25,7.4472,7.4445,7.4728,7.4323
2022/11/24,7.4417,7.4455,7.4634,7.4213
2022/11/23,7.4407,7.3573,7.4509,7.3541
2022/11/22,7.3544,7.3394,7.3602,7.3197
2022/11/21,7.3367,7.346,7.393,7.3247
2022/11/18,7.3499,7.4155,7.4273,7.3421
2022/11/17,7.4127,7.3689,7.4216,7.359
2022/11/16,7.3626,7.2868,7.3883,7.2808
2022/11/15,7.2884,7.3039,7.3713,7.2414
2022/11/14,7.3008,7.3688,7.3699,7.2488
2022/11/11,7.3568,7.3372,7.3678,7.2442
2022/11/10,7.3334,7.2509,7.3535,7.208
2022/11/9,7.2488,7.3029,7.3148,7.2365
2022/11/8,7.3007,7.2452,7.3196,7.2307
2022/11/7,7.2403,7.1207,7.2549,7.1125
2022/11/4,7.1539,7.119,7.1617,7.0498
2022/11/3,7.1182,7.1581,7.1925,7.1131
2022/11/2,7.1556,7.1865,7.2729,7.1533
2022/11/1,7.1814,7.2164,7.2529,7.1701
2022/10/31,7.2161,7.214,7.2599,7.2093
2022/10/28,7.2231,7.2033,7.2417,7.1961
2022/10/27,7.1964,7.2296,7.2884,7.1979
2022/10/26,7.2262,7.2446,7.2762,7.1782
2022/10/25,7.2426,7.1715,7.2873,7.1686
2022/10/24,7.1714,7.1474,7.1864,7.1199
2022/10/21,7.1385,7.0616,7.1492,7.0329
2022/10/20,7.0564,7.0647,7.1104,7.05
2022/10/19,7.0625,7.097,7.1122,7.0521
2022/10/18,7.0957,7.0799,7.1093,7.0651
2022/10/17,7.078,6.994,7.0907,6.9889
2022/10/14,6.9875,7.0092,7.042,6.9802
2022/10/13,7.0087,6.961,7.0318,6.9173
2022/10/12,6.9597,6.9563,6.982,6.9365
2022/10/11,6.9511,6.9413,7.0046,6.9392
2022/10/10,6.9394,6.9285,6.9694,6.9114
2022/10/7,6.9293,6.9665,6.9861,6.9207
2022/10/6,6.9648,7.0299,7.0641,6.9648
2022/10/5,7.0296,7.1061,7.1128,6.9978
2022/10/4,7.1014,6.9929,7.1164,6.9776
2022/10/3,6.9883,6.9737,7.0061,6.9399
2022/9/30,6.9705,6.9946,7.0146,6.9258
2022/9/29,6.9879,7.0097,7.0129,6.9142
2022/9/28,7.0075,6.8864,7.0216,6.861
2022/9/27,6.8832,6.8555,6.9224,6.8369
2022/9/26,6.8508,6.9038,6.9394,6.8197
2022/9/23,6.9057,6.9634,6.981,6.8913
2022/9/22,6.9583,6.9348,7.0055,6.914
2022/9/21,6.9316,6.9987,7.0222,6.9172
2022/9/20,6.9958,7.0234,7.0427,6.983
2022/9/19,7.0197,6.9883,7.0266,6.9831
2022/9/16,6.9904,6.9952,7.0349,6.9747
2022/9/15,6.9934,6.9475,7.0057,6.9377
2022/9/14,6.9487,6.9061,6.9764,6.8946
2022/9/13,6.9023,7.01,7.0567,6.9019
2022/9/12,7.0057,6.9819,7.064,6.9678
2022/9/9,6.951,6.9558,6.9995,6.9442
2022/9/8,6.9527,6.9668,6.9756,6.9086
2022/9/7,6.965,6.8878,6.9742,6.8721
2022/9/6,6.8858,6.8842,6.9352,6.8689
2022/9/5,6.8822,6.8655,6.8938,6.8327
2022/9/2,6.8647,6.8693,6.9296,6.8617
2022/9/1,6.8679,6.9283,6.9372,6.8414
2022/8/31,6.9283,6.9212,6.9451,6.879
2022/8/30,6.9183,6.9053,6.9426,6.9043
2022/8/29,6.9032,6.8604,6.9316,6.8196
2022/8/26,6.8447,6.8321,6.9237,6.8225
2022/8/25,6.8292,6.8369,6.8688,6.814
2022/8/24,6.8341,6.8149,6.8586,6.7972
2022/8/23,6.811,6.8099,6.8545,6.7863
2022/8/22,6.8072,6.8446,6.8549,6.7976
2022/8/19,6.8396,6.8468,6.8763,6.8353
2022/8/18,6.8452,6.903,6.9186,6.8401
2022/8/17,6.9025,6.9036,6.919,6.8748
2022/8/16,6.9029,6.8832,6.918,6.8712
2022/8/15,6.8798,6.9201,6.9355,6.8781
2022/8/12,6.9165,6.9579,6.9663,6.9019
2022/8/11,6.9583,6.9244,6.9838,6.9153
2022/8/10,6.9227,6.8972,6.9728,6.8894
2022/8/9,6.895,6.8843,6.9202,6.8775
2022/8/8,6.8821,6.8826,6.9036,6.8691
2022/8/5,6.8831,6.9153,6.9201,6.8569
2022/8/4,6.9145,6.8688,6.9211,6.8595
2022/8/3,6.8666,6.8646,6.8952,6.8407
2022/8/2,6.8619,6.9458,6.9689,6.8625
2022/8/1,6.944,6.8913,6.9563,6.8825
2022/7/29,6.8903,6.8808,6.9144,6.8436
2022/7/28,6.8774,6.8923,6.9025,6.8271
2022/7/27,6.8935,6.8421,6.9082,6.8234
2022/7/26,6.8387,6.8994,6.9173,6.8356
2022/7/25,6.8984,6.8946,6.9218,6.8733
2022/7/22,6.8918,6.922,6.9239,6.8583
2022/7/21,6.9198,6.8761,6.9521,6.8702
2022/7/20,6.8735,6.8969,6.9331,6.8605
2022/7/19,6.894,6.839,6.9234,6.8282
2022/7/18,6.8377,6.8149,6.8783,6.8021
2022/7/15,6.8153,6.7682,6.8235,6.759
2022/7/14,6.765,6.7597,6.7888,6.7284
2022/7/13,6.7578,6.7503,6.8018,6.7224
2022/7/12,6.7483,6.7451,6.7759,6.722
2022/7/11,6.7437,6.8114,6.8187,6.7407
2022/7/8,6.817,6.8089,6.831,6.7545
2022/7/7,6.807,6.8298,6.8522,6.7982
2022/7/6,6.8271,6.9,6.9029,6.8163
2022/7/5,6.8979,6.9808,6.9952,6.8766
2022/7/4,6.9815,6.9856,7.0031,6.9739
2022/7/1,6.9868,7.0215,7.028,6.9531
2022/6/30,7.0209,6.9955,7.0269,6.9557
2022/6/29,6.9938,7.0556,7.0656,6.9911
2022/6/28,7.0544,7.0833,7.0922,7.0447
2022/6/27,7.0799,7.061,7.1055,7.0529
2022/6/24,7.0583,7.0515,7.0711,7.0407
2022/6/23,7.049,7.0823,7.0981,7.029
2022/6/22,7.0768,7.042,7.1051,7.029
2022/6/21,7.0391,7.0342,7.0882,7.0299
2022/6/20,7.0305,7.0337,7.0554,7.0211
2022/6/17,7.0505,7.0715,7.0792,7.0141
2022/6/16,7.0703,7.0125,7.107,6.9679
2022/6/15,7.0095,7.0214,7.0615,6.9548
2022/6/14,7.0192,7.0315,7.0631,7.0096
2022/6/13,7.0265,7.0533,7.0785,7.0244
2022/6/10,7.0536,7.1052,7.1195,7.05
2022/6/9,7.1024,7.1627,7.1954,7.1008
2022/6/8,7.1596,7.1371,7.1851,7.1204
2022/6/7,7.1336,7.1164,7.1472,7.1014
2022/6/6,7.1151,7.1412,7.1485,7.1085
2022/6/3,7.1384,7.1571,7.1698,7.1292
2022/6/2,7.1564,7.1197,7.1605,7.1177
2022/6/1,7.119,7.1617,7.1849,7.1053
2022/5/31,7.1605,7.1792,7.1801,7.1161
2022/5/30,7.1772,7.1919,7.1953,7.1405
2022/5/27,7.1849,7.2281,7.2551,7.1678
2022/5/26,7.2258,7.1506,7.2325,7.1462
2022/5/25,7.1466,7.1441,7.1583,7.1119
2022/5/24,7.1413,7.1103,7.1645,7.0943
2022/5/23,7.1071,7.0757,7.1153,7.0518
2022/5/20,7.0669,7.1072,7.1174,7.0489
2022/5/19,7.1023,7.0719,7.1206,7.0655
2022/5/18,7.0687,7.1076,7.1208,7.0648
2022/5/17,7.102,7.0807,7.1119,7.0587
2022/5/16,7.0745,7.064,7.0981,7.0476
2022/5/13,7.067,7.0442,7.0788,7.0384
2022/5/12,7.0432,7.0652,7.1165,7.0269
2022/5/11,7.0619,7.0909,7.1111,7.0591
2022/5/10,7.0892,7.1056,7.1251,7.0742
2022/5/9,7.103,7.0342,7.1302,7.0089
2022/5/6,7.0323,7.0178,7.074,7.0023
2022/5/5,7.0128,7.0199,7.0293,6.9819
2022/5/4,7.0184,6.9495,7.0258,6.9426
2022/5/3,6.9516,6.9422,6.9908,6.9333
2022/5/2,6.9397,6.972,6.9845,6.9323
2022/4/29,6.9655,6.9546,6.9945,6.9292
2022/4/28,6.9542,6.926,6.9812,6.9086
2022/4/27,6.9236,6.9746,6.9862,6.8979
2022/4/26,6.9715,7.0271,7.0423,6.9732
2022/4/25,7.0248,7.0484,7.0662,7.0154
2022/4/22,7.0172,6.9913,7.0508,6.9871
2022/4/21,6.9892,6.9655,7.0482,6.9447
2022/4/20,6.965,6.8973,6.9746,6.8944
2022/4/19,6.8955,6.8656,6.9126,6.8561
2022/4/18,6.8593,6.8841,6.8952,6.8569
2022/4/15,6.884,6.9065,6.9088,6.878
2022/4/14,6.9056,6.9331,6.9609,6.8612
2022/4/13,6.9314,6.8925,6.9385,6.8814
2022/4/12,6.8909,6.9318,6.945,6.8887
2022/4/11,6.9281,6.9601,6.9707,6.9246
2022/4/8,6.9182,6.9195,6.9323,6.8972
2022/4/7,6.9145,6.9292,6.9599,6.911
2022/4/6,6.9275,6.9396,6.9587,6.9187
2022/4/5,6.937,6.9823,6.9927,6.9355
2022/4/4,6.9797,7.0243,7.0347,6.974
2022/4/1,7.0325,7.0153,7.0442,7.0117
2022/3/31,7.0144,7.0827,7.1037,7.0124
2022/3/30,7.0813,7.056,7.093,7.0531
2022/3/29,7.0503,6.9967,7.0915,6.9897
2022/3/28,6.9945,6.9958,7.0097,6.9716
2022/3/25,6.9903,7.0026,7.0234,6.9894
2022/3/24,7.0005,7.0122,7.0189,6.9844
2022/3/23,7.0117,7.0216,7.0354,6.9851
2022/3/22,7.0204,7.003,7.029,6.9716
2022/3/21,6.9996,7.0354,7.0392,6.9977
2022/3/18,7.0282,7.0395,7.0575,7.0005
2022/3/17,7.037,7.0104,7.0696,6.9918
2022/3/16,7.0064,6.9796,7.0177,6.9552
2022/3/15,6.9753,6.964,7.0314,6.9569
2022/3/14,6.958,6.9377,6.9988,6.918
2022/3/11,6.9151,6.944,6.997,6.9113
2022/3/10,6.9426,6.997,7.0308,6.9389
2022/3/9,6.9965,6.8892,7.0101,6.8808
2022/3/8,6.8858,6.8606,6.925,6.853
2022/3/7,6.8578,6.9222,6.9222,6.8284
2022/3/4,6.9039,6.9949,6.9955,6.8797
2022/3/3,6.9919,7.0278,7.0319,6.9731
2022/3/2,7.0296,7.0236,7.0462,6.9849
2022/3/1,7.0217,7.0777,7.0931,6.9999
2022/2/28,7.0774,7.0623,7.096,7.0263
2022/2/25,7.1173,7.0836,7.123,7.0511
2022/2/24,7.082,7.1441,7.1445,7.0292
2022/2/23,7.1398,7.1658,7.1785,7.1363
2022/2/22,7.1642,7.1665,7.1972,7.156
2022/2/21,7.1643,7.1574,7.2147,7.1546
2022/2/18,7.1606,7.2017,7.2071,7.1568
2022/2/17,7.2001,7.2082,7.2169,7.1744
2022/2/16,7.2027,7.2014,7.2238,7.1906
2022/2/15,7.198,7.1885,7.2133,7.1744
2022/2/14,7.1862,7.2086,7.227,7.1711
2022/2/11,7.2112,7.2614,7.2637,7.1994
2022/2/10,7.2591,7.2719,7.3046,7.2328
2022/2/9,7.2666,7.2684,7.2843,7.2545
2022/2/8,7.2662,7.2804,7.2846,7.2544
2022/2/7,7.2752,7.2626,7.2877,7.2459
2022/2/4,7.2802,7.2764,7.3053,7.2585
2022/2/3,7.2751,7.1911,7.2846,7.1669
2022/2/2,7.1886,7.1688,7.2077,7.1663
2022/2/1,7.1676,7.1459,7.1749,7.1374
2022/1/31,7.1447,7.0903,7.1552,7.0849
2022/1/28,7.0875,7.0981,7.1066,7.0747
2022/1/27,7.0917,7.1047,7.1327,7.0889
2022/1/26,7.1025,7.1491,7.1532,7.1016
2022/1/25,7.1474,7.1693,7.173,7.1276
2022/1/24,7.1679,7.1904,7.1922,7.1452
2022/1/21,7.1879,7.173,7.1995,7.1657
2022/1/20,7.1712,7.1965,7.2124,7.167
2022/1/19,7.1955,7.1922,7.2076,7.1892
2022/1/18,7.1942,7.243,7.2512,7.1877
2022/1/17,7.2414,7.251,7.26,7.2312
2022/1/14,7.2506,7.2865,7.3008,7.2408
2022/1/13,7.2835,7.2759,7.3022,7.2705
2022/1/12,7.2748,7.2448,7.2826,7.2259
2022/1/11,7.2435,7.221,7.2509,7.2101
2022/1/10,7.2197,7.2407,7.2462,7.1913
2022/1/7,7.2435,7.2084,7.2487,7.1999
2022/1/6,7.2061,7.2007,7.2341,7.1921
2022/1/5,7.1996,7.1927,7.2231,7.186
2022/1/4,7.1909,7.1811,7.216,7.1782
2022/1/3,7.1741,7.2241,7.2339,7.1694
2021/12/31,7.2211,7.2156,7.2377,7.18
2021/12/30,7.2111,7.2281,7.2348,7.1997
2021/12/29,7.2264,7.2033,7.2406,7.1778
2021/12/28,7.202,7.2167,7.2217,7.188
2021/12/27,7.2152,7.2069,7.2237,7.2
2021/12/24,7.2058,7.2175,7.2259,7.1974
2021/12/23,7.2155,7.2142,7.2279,7.1922
2021/12/22,7.2128,7.187,7.2254,7.1762
2021/12/21,7.1891,7.1899,7.2024,7.1743
2021/12/20,7.1885,7.1677,7.2084,7.1625
2021/12/17,7.164,7.2156,7.2354,7.1629
2021/12/16,7.213,7.1865,7.2344,7.182
2021/12/15,7.1855,7.1692,7.195,7.1453
2021/12/14,7.1674,7.1849,7.2063,7.1654
2021/12/13,7.1794,7.2087,7.2112,7.1627
2021/12/10,7.2034,7.2022,7.214,7.1735
2021/12/9,7.2011,7.1957,7.2182,7.1775
2021/12/8,7.1948,7.1736,7.2042,7.1512
2021/12/7,7.1716,7.1969,7.1986,7.1492
2021/12/6,7.1949,7.2188,7.2188,7.1835
2021/12/3,7.2129,7.2067,7.2228,7.1834
2021/12/2,7.2046,7.2087,7.2372,7.2027
2021/12/1,7.2071,7.2165,7.2336,7.1979
2021/11/30,7.2142,7.2138,7.2536,7.1506
2021/11/29,7.2108,7.2257,7.2344,7.1871
2021/11/26,7.2343,7.1579,7.2442,7.1557
2021/11/25,7.1562,7.1594,7.1748,7.1557
2021/11/24,7.1561,7.1895,7.1937,7.1494
2021/11/23,7.1873,7.1753,7.2049,7.1697
2021/11/22,7.172,7.2124,7.2144,7.1708
2021/11/19,7.2089,7.2616,7.2635,7.1888
2021/11/18,7.2592,7.2192,7.2642,7.213
2021/11/17,7.2187,7.2373,7.2415,7.1989
2021/11/16,7.235,7.2564,7.2691,7.2297
2021/11/15,7.2549,7.306,7.3173,7.2484
2021/11/12,7.3036,7.3197,7.3257,7.2947
2021/11/11,7.3163,7.3357,7.3579,7.3124
2021/11/10,7.3324,7.4109,7.4136,7.3315
2021/11/9,7.4085,7.4085,7.4224,7.3938
2021/11/8,7.4043,7.3939,7.4138,7.3882
2021/11/5,7.3999,7.3917,7.4064,7.3705
2021/11/4,7.3905,7.4391,7.4429,7.3721
2021/11/3,7.4375,7.4106,7.4426,7.4001
2021/11/2,7.4087,7.4264,7.4321,7.4075
2021/11/1,7.4233,7.4044,7.4278,7.3923
2021/10/29,7.4048,7.4654,7.4724,7.3887
2021/10/28,7.4649,7.4191,7.474,7.4076
2021/10/27,7.4167,7.4021,7.4326,7.3976
2021/10/26,7.3987,7.412,7.4194,7.3944
2021/10/25,7.4111,7.4343,7.4495,7.4057
2021/10/22,7.4353,7.4309,7.4453,7.42
2021/10/21,7.4287,7.4496,7.458,7.4286
2021/10/20,7.4479,7.4253,7.4556,7.4211
2021/10/19,7.4238,7.4657,7.4783,7.4209
2021/10/18,7.4634,7.4634,7.4738,7.4426
2021/10/15,7.4622,7.4696,7.4755,7.4564
2021/10/14,7.4642,7.4521,7.4829,7.4505
2021/10/13,7.4493,7.4344,7.4559,7.432
2021/10/12,7.4332,7.4538,7.4672,7.4317
2021/10/11,7.4505,7.4606,7.4718,7.4438
2021/10/8,7.4532,7.4465,7.4689,7.4415
2021/10/7,7.4442,7.4497,7.4604,7.4443
2021/10/6,7.4481,7.4801,7.4813,7.4321
2021/10/5,7.4739,7.4929,7.4932,7.4652
2021/10/4,7.4893,7.4732,7.5045,7.4697
2021/10/1,7.4726,7.4665,7.4833,7.4539
2021/9/30,7.4642,7.5038,7.5142,7.4536
2021/9/29,7.5022,7.5469,7.5654,7.4994
2021/9/28,7.5453,7.5521,7.5624,7.5352
2021/9/27,7.549,7.5816,7.5841,7.5487
2021/9/24,7.5743,7.5816,7.5921,7.5648
2021/9/23,7.5803,7.5518,7.5898,7.5499
2021/9/22,7.5472,7.5823,7.5974,7.5503
2021/9/21,7.5795,7.5823,7.5981,7.5749
2021/9/20,7.5808,7.5862,7.5894,7.5651
2021/9/17,7.5808,7.5957,7.6128,7.5807
2021/9/16,7.5955,7.6006,7.6065,7.5796
2021/9/15,7.5994,7.6023,7.6144,7.5919
2021/9/14,7.5984,7.6209,7.6321,7.5981
2021/9/13,7.6175,7.613,7.6254,7.5984
2021/9/10,7.6129,7.6342,7.6375,7.6087
2021/9/9,7.6288,7.6359,7.6467,7.6182
2021/9/8,7.6326,7.6571,7.6623,7.624
2021/9/7,7.6547,7.6659,7.6806,7.6536
2021/9/6,7.6598,7.6654,7.6715,7.6528
2021/9/3,7.6672,7.6668,7.6792,7.6392
2021/9/2,7.665,7.6492,7.6684,7.6432
2021/9/1,7.6457,7.6301,7.6603,7.6185
2021/8/31,7.6278,7.6287,7.6579,7.6186
2021/8/30,7.6264,7.6322,7.6422,7.6196
2021/8/27,7.6314,7.617,7.6435,7.6041
2021/8/26,7.6151,7.6233,7.6374,7.6137
2021/8/25,7.6218,7.6065,7.6259,7.5953
2021/8/24,7.6054,7.6132,7.6156,7.5951
2021/8/23,7.6101,7.6028,7.6171,7.5956
2021/8/20,7.6038,7.5827,7.6104,7.5806
2021/8/19,7.5813,7.5942,7.5986,7.5744
2021/8/18,7.5929,7.5952,7.615,7.5811
2021/8/17,7.5938,7.6246,7.6381,7.5935
2021/8/16,7.6247,7.6394,7.6456,7.6188
2021/8/13,7.6368,7.5986,7.6469,7.5983
2021/8/12,7.5983,7.6052,7.6105,7.5953
2021/8/11,7.6036,7.6016,7.6153,7.5896
2021/8/10,7.5994,7.6136,7.6153,7.592
2021/8/9,7.6123,7.6259,7.6274,7.6104
2021/8/6,7.6234,7.6464,7.649,7.62
2021/8/5,7.6444,7.6541,7.6616,7.6418
2021/8/4,7.6519,7.6765,7.6845,7.6498
2021/8/3,7.6734,7.6692,7.6882,7.6684
2021/8/2,7.6685,7.6659,7.688,7.6638
2021/7/30,7.6691,7.6754,7.6941,7.6582
2021/7/29,7.6738,7.6884,7.6904,7.6651
2021/7/28,7.6861,7.6942,7.6991,7.6417
2021/7/27,7.6914,7.6522,7.7101,7.6379
2021/7/26,7.6487,7.6337,7.6608,7.624
2021/7/23,7.6279,7.6153,7.6346,7.6122
2021/7/22,7.6151,7.6277,7.6512,7.6076
2021/7/21,7.6252,7.6406,7.642,7.6087
2021/7/20,7.6381,7.6595,7.6611,7.6203
2021/7/19,7.6561,7.6505,7.6726,7.6302
2021/7/16,7.6479,7.6329,7.6581,7.6269
2021/7/15,7.6269,7.6572,7.6603,7.621
2021/7/14,7.6558,7.6176,7.6589,7.6147
2021/7/13,7.616,7.6813,7.6862,7.6147
2021/7/12,7.6788,7.6918,7.6974,7.6639
2021/7/9,7.6923,7.6871,7.6983,7.6702
2021/7/8,7.6852,7.6329,7.7024,7.6292
2021/7/7,7.6296,7.661,7.6622,7.6249
2021/7/6,7.655,7.6686,7.6846,7.6421
2021/7/5,7.6658,7.6783,7.6842,7.6554
2021/7/2,7.6785,7.6659,7.6867,7.647
2021/7/1,7.6632,7.6576,7.6866,7.649
2021/6/30,7.6543,7.6899,7.6967,7.6483
2021/6/29,7.6883,7.6996,7.7038,7.6778
2021/6/28,7.6975,7.7056,7.713,7.6862
2021/6/25,7.7022,7.722,7.7298,7.6994
2021/6/24,7.7188,7.7214,7.7332,7.7136
2021/6/23,7.7187,7.7379,7.7484,7.7162
2021/6/22,7.7371,7.7066,7.7474,7.6873
2021/6/21,7.7035,7.6585,7.7147,7.6489
2021/6/18,7.6527,7.6787,7.6883,7.6419
2021/6/17,7.6766,7.674,7.7126,7.6661
2021/6/16,7.6724,7.7687,7.7712,7.6725
2021/6/15,7.7657,7.7545,7.7783,7.7453
2021/6/14,7.7509,7.7488,7.7622,7.7382
2021/6/11,7.7438,7.7806,7.791,7.7367
2021/6/10,7.7795,7.7803,7.7934,7.7628
2021/6/9,7.7775,7.7913,7.8043,7.7758
2021/6/8,7.7894,7.798,7.8036,7.777
2021/6/7,7.7965,7.7817,7.8067,7.7693
2021/6/4,7.7789,7.7671,7.7922,7.7523
2021/6/3,7.7637,7.7913,7.8026,7.7598
2021/6/2,7.79,7.7947,7.8071,7.7666
2021/6/1,7.7901,7.7885,7.8228,7.7815
2021/5/31,7.7859,7.7643,7.7939,7.7517
2021/5/28,7.7625,7.7837,7.7853,7.7342
2021/5/27,7.7821,7.7927,7.7978,7.7668
2021/5/26,7.79,7.8545,7.8589,7.786
2021/5/25,7.8523,7.8405,7.8597,7.8306
2021/5/24,7.8386,7.8355,7.8573,7.83
2021/5/21,7.8358,7.8689,7.8764,7.8243
2021/5/20,7.8661,7.832,7.8699,7.8305
2021/5/19,7.8317,7.8535,7.8759,7.8246
2021/5/18,7.8514,7.8255,7.8593,7.8151
2021/5/17,7.8238,7.8147,7.8398,7.8045
2021/5/14,7.8142,7.794,7.8218,7.784
2021/5/13,7.791,7.7943,7.8109,7.7783
2021/5/12,7.7938,7.8102,7.8261,7.7768
2021/5/11,7.8081,7.7826,7.83,7.7804
2021/5/10,7.7815,7.8226,7.8332,7.7817
2021/5/7,7.822,7.7992,7.83,7.7783
2021/5/6,7.7931,7.7715,7.8092,7.767
2021/5/5,7.7708,7.7766,7.786,7.7588
2021/5/4,7.776,7.8096,7.8109,7.7673
2021/5/3,7.8071,7.7883,7.8177,7.7763
2021/4/30,7.7793,7.8417,7.8492,7.7786
2021/4/29,7.8416,7.8562,7.8702,7.8286
2021/4/28,7.8522,7.8394,7.8624,7.8162
2021/4/27,7.8373,7.8345,7.8427,7.8179
2021/4/26,7.8325,7.8552,7.8663,7.8218
2021/4/23,7.8577,7.7994,7.8597,7.7975
2021/4/22,7.7989,7.8118,7.8332,7.7852
2021/4/21,7.8104,7.8235,7.8284,7.7899
2021/4/20,7.8192,7.8357,7.8467,7.8137
2021/4/19,7.8317,7.8147,7.8422,7.7923
2021/4/16,7.8133,7.8059,7.8231,7.7961
2021/4/15,7.8036,7.8225,7.836,7.7979
2021/4/14,7.8207,7.8189,7.8293,7.8025
2021/4/13,7.817,7.7997,7.8245,7.7793
2021/4/12,7.7936,7.7922,7.8071,7.7779
2021/4/9,7.7978,7.8043,7.8095,7.7814
2021/4/8,7.803,7.764,7.8141,7.7597
2021/4/7,7.7648,7.7656,7.7959,7.7583
2021/4/6,7.7627,7.7583,7.768,7.7254
2021/4/5,7.7534,7.7235,7.7627,7.7081
2021/4/2,7.7213,7.7319,7.7372,7.7121
2021/4/1,7.7297,7.6866,7.7342,7.68
2021/3/31,7.684,7.6997,7.7066,7.6764
2021/3/30,7.698,7.7285,7.7433,7.6974
2021/3/29,7.725,7.7157,7.746,7.7023
2021/3/26,7.7134,7.7007,7.7225,7.6995
2021/3/25,7.6998,7.7075,7.7329,7.6995
2021/3/24,7.705,7.7226,7.7323,7.7039
2021/3/23,7.7202,7.7657,7.7712,7.7164
2021/3/22,7.7648,7.745,7.7751,7.7269
2021/3/19,7.7453,7.7523,7.7653,7.7299
2021/3/18,7.7512,7.7913,7.7974,7.7463
2021/3/17,7.7893,7.746,7.7958,7.7278
2021/3/16,7.7412,7.7539,7.7683,7.7292
2021/3/15,7.7527,7.7789,7.7896,7.7407
2021/3/12,7.7785,7.7816,7.786,7.7481
2021/3/11,7.7815,7.7596,7.7864,7.7434
2021/3/10,7.7572,7.7429,7.7618,7.727
2021/3/9,7.7396,7.7315,7.7614,7.7239
2021/3/8,7.7276,7.7454,7.7636,7.7291
2021/3/5,7.7413,7.7432,7.7558,7.7182
2021/3/4,7.7413,7.8025,7.8053,7.7387
2021/3/3,7.8011,7.8249,7.8317,7.784
2021/3/2,7.8218,7.7909,7.8271,7.7583
2021/3/1,7.7881,7.8213,7.8362,7.7737
2021/2/26,7.8155,7.8591,7.8847,7.8103
2021/2/25,7.8585,7.8544,7.9019,7.8431
2021/2/24,7.8507,7.8568,7.8662,7.8205
2021/2/23,7.8531,7.8586,7.8705,7.8436
2021/2/22,7.8545,7.8247,7.8679,7.8186
2021/2/19,7.8221,7.8449,7.8504,7.8147
2021/2/18,7.8414,7.7744,7.8478,7.7625
2021/2/17,7.7689,7.8183,7.8215,7.7643
2021/2/16,7.8128,7.8328,7.86,7.8109
2021/2/15,7.8277,7.8292,7.8438,7.8247
2021/2/12,7.8212,7.8338,7.8373,7.8021
2021/2/11,7.8277,7.826,7.8467,7.8217
2021/2/10,7.824,7.7989,7.8403,7.7913
2021/2/9,7.7966,7.7694,7.8011,7.7667
2021/2/8,7.7642,7.7872,7.7962,7.7565
2021/2/5,7.7868,7.7428,7.7927,7.7382
2021/2/4,7.7412,7.7744,7.7803,7.7382
2021/2/3,7.7708,7.7761,7.7852,7.7527
2021/2/2,7.7726,7.7994,7.8122,7.7548
2021/2/1,7.7984,7.8033,7.8439,7.7905
2021/1/29,7.7974,7.8179,7.8302,7.7927
2021/1/28,7.817,7.8516,7.8565,7.8149
2021/1/27,7.8499,7.8619,7.8684,7.8159
2021/1/26,7.8583,7.8652,7.8723,7.8401
2021/1/25,7.8628,7.8872,7.8923,7.848
2021/1/22,7.8854,7.8604,7.8994,7.8578
2021/1/21,7.856,7.8284,7.8658,7.8261
2021/1/20,7.8252,7.858,7.8703,7.8078
2021/1/19,7.8549,7.8417,7.8718,7.8375
2021/1/18,7.8376,7.8321,7.8455,7.8188
2021/1/15,7.8265,7.8695,7.8753,7.825
2021/1/14,7.8693,7.8635,7.8857,7.832
2021/1/13,7.8628,7.8914,7.8962,7.8519
2021/1/12,7.8857,7.8754,7.8924,7.8445
2021/1/11,7.8719,7.9111,7.9176,7.8643
2021/1/8,7.9112,7.9492,7.9495,7.8946
2021/1/7,7.9461,7.9664,7.9791,7.9179
2021/1/6,7.964,7.9384,7.9755,7.927
2021/1/5,7.9371,7.9135,7.9462,7.8912
2021/1/4,7.9123,7.9828,7.9972,7.9093
2021/1/1,7.9737,7.9737,7.9737,7.9737
2020/12/31,7.969,8.0224,8.0568,7.9685
2020/12/30,8.0173,7.9988,8.0323,7.9968
2020/12/29,7.9973,7.9864,8.0176,7.9802
2020/12/28,7.982,7.9823,8.0114,7.9672
2020/12/25,7.9824,7.9581,7.9889,7.9408
2020/12/24,7.9568,7.9717,7.9871,7.9498
2020/12/23,7.969,7.9584,7.9932,7.9499
2020/12/22,7.9565,8.0195,8.0244,7.951
2020/12/21,8.0145,7.9868,8.0257,7.9485
2020/12/18,8.0084,8.0149,8.024,7.9922
2020/12/17,8.0123,7.9693,8.0189,7.9637
2020/12/16,7.9674,7.9468,7.9767,7.9207
2020/12/15,7.9453,7.9549,7.9714,7.9329
2020/12/14,7.9512,7.9412,7.9697,7.9201
2020/12/11,7.926,7.9443,7.96,7.9208
2020/12/10,7.9412,7.9062,7.9554,7.9009
2020/12/9,7.9015,7.9071,7.9433,7.8905
2020/12/8,7.9028,7.9075,7.9268,7.9027
2020/12/7,7.9053,7.9218,7.9502,7.9007
2020/12/4,7.9145,7.946,7.9587,7.9097
2020/12/3,7.9431,7.9517,7.9669,7.9334
2020/12/2,7.9488,7.9327,7.954,7.9015
2020/12/1,7.9306,7.8473,7.9376,7.846
2020/11/30,7.8439,7.8643,7.8995,7.8443
2020/11/27,7.8636,7.8325,7.8692,7.8277
2020/11/26,7.8311,7.8396,7.8479,7.8132
2020/11/25,7.8328,7.8373,7.8499,7.8113
2020/11/24,7.8355,7.7991,7.8416,7.786
2020/11/23,7.7966,7.7791,7.8243,7.7715
2020/11/20,7.7765,7.8179,7.8209,7.7768
2020/11/19,7.8111,7.7765,7.8232,7.762
2020/11/18,7.7735,7.778,7.7937,7.7648
2020/11/17,7.7756,7.8042,7.8144,7.7715
2020/11/16,7.8028,7.8148,7.8284,7.7809
2020/11/13,7.8137,7.8066,7.8285,7.8031
2020/11/12,7.8041,7.8095,7.8273,7.7874
2020/11/11,7.8083,7.813,7.8246,7.7849
2020/11/10,7.8145,7.8312,7.8425,7.7885
2020/11/9,7.8283,7.8555,7.8854,7.8004
2020/11/6,7.845,7.8109,7.8623,7.7921
2020/11/5,7.809,7.8025,7.8368,7.7808
2020/11/4,7.7935,7.823,7.8597,7.7808
2020/11/3,7.8181,7.7902,7.84,7.7809
2020/11/2,7.7864,7.8024,7.8024,7.7769
2020/10/30,7.7941,7.839,7.8427,7.7899
2020/10/29,7.8379,7.9035,7.913,7.8226
2020/10/28,7.9019,7.9095,7.9165,7.8727
2020/10/27,7.9078,7.9271,7.9411,7.9075
2020/10/26,7.9247,7.9292,7.9391,7.9056
2020/10/23,7.9269,7.8998,7.9342,7.8765
2020/10/22,7.8962,7.8902,7.9134,7.8754
2020/10/21,7.8859,7.8932,7.9025,7.8721
2020/10/20,7.8903,7.8646,7.9088,7.8608
2020/10/19,7.86,7.8506,7.8844,7.8337
2020/10/16,7.8466,7.8741,7.8794,7.8405
2020/10/15,7.8703,7.8885,7.904,7.862
2020/10/14,7.8858,7.9247,7.9283,7.8855
2020/10/13,7.9216,7.9689,7.9757,7.9142
2020/10/12,7.968,7.9124,7.9735,7.898
2020/10/9,7.9142,7.9853,7.9952,7.8986
2020/10/8,7.9834,7.9873,8.0013,7.9673
2020/10/7,7.9848,7.9683,8.0016,7.9619
2020/10/6,7.9658,8.0009,8.0189,7.9666
2020/10/5,7.9991,7.9561,8.0121,7.9496
2020/10/2,7.9536,7.9778,7.9798,7.9422
2020/10/1,7.976,7.9588,7.9931,7.9564
2020/9/30,7.9561,8.0043,8.0091,7.9486
2020/9/29,8.0022,7.9467,8.007,7.9429
2020/9/28,7.9439,7.9415,7.9591,7.9223
2020/9/25,7.934,7.9694,7.9752,7.9238
2020/9/24,7.9688,7.9412,7.9818,7.9352
2020/9/23,7.9385,7.9383,7.9625,7.9152
2020/9/22,7.9342,8.01,8.0128,7.9264
2020/9/21,8.008,8.0203,8.0301,7.9816
2020/9/18,8.0107,8.0163,8.0379,7.9995
2020/9/17,8.0119,7.9815,8.0201,7.949
2020/9/16,7.9779,8.0364,8.0387,7.9619
2020/9/15,8.031,8.0807,8.0864,8.0287
2020/9/14,8.0797,8.092,8.1049,8.0762
2020/9/11,8.0937,8.0741,8.1165,8.073
2020/9/10,8.0724,8.064,8.1391,8.0633
2020/9/9,8.0617,8.0658,8.0868,8.0453
2020/9/8,8.0582,8.0716,8.0841,8.0576
2020/9/7,8.071,8.0968,8.1077,8.0679
2020/9/4,8.0976,8.1135,8.1196,8.0608
2020/9/3,8.1089,8.1047,8.1241,8.0615
2020/9/2,8.1045,8.133,8.1463,8.0765
2020/9/1,8.1312,8.1743,8.1906,8.1258
2020/8/31,8.1731,8.1691,8.1911,8.1451
2020/8/28,8.1711,8.1496,8.1813,8.1348
2020/8/27,8.1476,8.1468,8.1856,8.1082
2020/8/26,8.1449,8.1812,8.1854,8.1151
2020/8/25,8.1785,8.1603,8.1867,8.1509
2020/8/24,8.1542,8.1559,8.1924,8.1537
2020/8/21,8.1597,8.2022,8.2143,8.1361
2020/8/20,8.1997,8.1934,8.2079,8.1706
2020/8/19,8.1896,8.2584,8.274,8.1868
2020/8/18,8.2573,8.2297,8.2726,8.2259
2020/8/17,8.2274,8.2292,8.2425,8.2108
2020/8/14,8.2296,8.2056,8.2372,8.1909
2020/8/13,8.2023,8.1761,8.2414,8.1723
2020/8/12,8.1723,8.155,8.1974,8.1393
2020/8/11,8.1484,8.1715,8.2021,8.1463
2020/8/10,8.1695,8.2139,8.2252,8.1701
2020/8/7,8.2113,8.2586,8.2639,8.1934
2020/8/6,8.2555,8.2289,8.2726,8.2136
2020/8/5,8.226,8.2301,8.2588,8.2058
2020/8/4,8.2277,8.213,8.2441,8.183
2020/8/3,8.2091,8.2188,8.2289,8.1676
2020/7/31,8.2138,8.3027,8.3328,8.2028
2020/7/30,8.3017,8.2537,8.3048,8.2165
2020/7/29,8.2547,8.2036,8.267,8.1988
2020/7/28,8.1996,8.2228,8.2379,8.1918
2020/7/27,8.2198,8.1723,8.2434,8.1657
2020/7/24,8.1741,8.1226,8.1814,8.1187
2020/7/23,8.1197,8.1027,8.144,8.0869
2020/7/22,8.0962,8.0464,8.1192,8.0337
2020/7/21,8.0445,7.9947,8.0562,7.9822
2020/7/20,7.9912,7.9776,8.0176,7.9686
2020/7/17,7.9881,7.9566,8.0041,7.9517
2020/7/16,7.9546,7.9751,8.0017,7.9468
2020/7/15,7.9739,7.9886,8.0051,7.9678
2020/7/14,7.984,7.9366,8.0042,7.9334
2020/7/13,7.9341,7.9117,7.9605,7.9099
2020/7/10,7.9075,7.8915,7.9269,7.8828
2020/7/9,7.8901,7.9355,7.9489,7.8891
2020/7/8,7.9349,7.9069,7.952,7.9005
2020/7/7,7.9033,7.9368,7.9547,7.9024
2020/7/6,7.9336,7.944,7.9653,7.9282
2020/7/3,7.9474,7.9433,7.9537,7.9257
2020/7/2,7.9408,7.9565,7.9883,7.931
2020/7/1,7.9541,7.9363,7.971,7.9033
2020/6/30,7.9348,7.9602,7.9683,7.9148
2020/6/29,7.9572,7.9467,7.9907,7.9393
2020/6/26,7.9383,7.9418,7.9563,7.9237
2020/6/25,7.9376,7.9633,7.9707,7.9205
2020/6/24,7.9616,7.9826,8.0063,7.9616
2020/6/23,7.9792,7.9587,8.0124,7.9399
2020/6/22,7.9569,7.9104,7.9658,7.8983
2020/6/19,7.9015,7.9444,7.9606,7.8992
2020/6/18,7.9387,7.967,7.974,7.9299
2020/6/17,7.9645,7.9823,8.0059,7.9408
2020/6/16,7.9796,8.0287,8.0414,7.9557
2020/6/15,8.0258,7.9657,8.0368,7.9518
2020/6/12,7.9684,7.9827,8.0239,7.9419
2020/6/11,7.9802,8.0308,8.0569,7.9746
2020/6/10,8.0264,8.0271,8.0657,7.9948
2020/6/9,8.0226,7.9887,8.0466,7.968
2020/6/8,7.9834,7.9949,8.0172,7.9711
2020/6/5,7.99,8.0612,8.0691,7.9871
2020/6/4,8.0571,7.9938,8.079,7.969
2020/6/3,7.9876,7.9337,8.0105,7.9298
2020/6/2,7.9291,7.9383,7.9549,7.9121
2020/6/1,7.9321,7.9198,7.9517,7.9162
2020/5/29,7.9182,7.9163,7.955,7.9084
2020/5/28,7.9135,7.8899,7.9281,7.8646
2020/5/27,7.8871,7.8364,7.9022,7.8253
2020/5/26,7.8331,7.7787,7.8471,7.773
2020/5/25,7.7774,7.774,7.7898,7.7577
2020/5/22,7.7676,7.7909,7.7987,7.7607
2020/5/21,7.7889,7.7883,7.8235,7.7769
2020/5/20,7.7858,7.758,7.808,7.7506
2020/5/19,7.7517,7.7587,7.8031,7.7497
2020/5/18,7.7562,7.6817,7.7691,7.6746
2020/5/15,7.6801,7.667,7.7077,7.662
2020/5/14,7.6638,7.6727,7.6798,7.6489
2020/5/13,7.6697,7.6835,7.7238,7.6674
2020/5/12,7.6807,7.6721,7.7108,7.6553
2020/5/11,7.6692,7.667,7.692,7.655
2020/5/8,7.6673,7.6745,7.6954,7.6514
2020/5/7,7.6718,7.6694,7.6764,7.6311
2020/5/6,7.6671,7.6554,7.6963,7.6494
2020/5/5,7.6497,7.7027,7.7165,7.6452
2020/5/4,7.6999,7.7547,7.7547,7.6943
2020/5/1,7.7514,7.7373,7.7814,7.7218
2020/4/30,7.7342,7.6939,7.7466,7.6502
2020/4/29,7.6932,7.6597,7.7042,7.6583
2020/4/28,7.6565,7.6743,7.7082,7.658
2020/4/27,7.6678,7.6545,7.6939,7.6532
2020/4/24,7.662,7.6165,7.6701,7.5957
2020/4/23,7.6137,7.6675,7.6755,7.6045
2020/4/22,7.6653,7.6998,7.7108,7.6523
2020/4/21,7.6984,7.6833,7.7185,7.6672
2020/4/20,7.6817,7.6916,7.7048,7.673
2020/4/17,7.6877,7.6709,7.7064,7.6494
2020/4/16,7.6688,7.7112,7.7174,7.6578
2020/4/15,7.7073,7.74,7.75,7.6725
2020/4/14,7.7347,7.698,7.7466,7.6902
2020/4/13,7.6931,7.6981,7.7285,7.6818
2020/4/10,7.6888,7.6982,7.7088,7.6818
2020/4/9,7.6957,7.6715,7.7144,7.6576
2020/4/8,7.6665,7.6736,7.6957,7.6507
2020/4/7,7.6689,7.6552,7.7005,7.6484
2020/4/6,7.6517,7.6698,7.6853,7.6371
2020/4/3,7.6637,7.6919,7.7006,7.6384
2020/4/2,7.6882,7.7846,7.8015,7.6653
2020/4/1,7.7818,7.8127,7.8253,7.7409
2020/3/31,7.8094,7.8433,7.8498,7.7542
2020/3/30,7.8425,7.9028,7.9088,7.8177
2020/3/27,7.9029,7.8021,7.9106,7.7716
2020/3/26,7.7978,7.7417,7.8229,7.7298
2020/3/25,7.7356,7.6203,7.7512,7.6002
2020/3/24,7.6167,7.6071,7.6877,7.5896
2020/3/23,7.6012,7.59,7.6672,7.5477
2020/3/20,7.5874,7.6002,7.6436,7.548
2020/3/19,7.5961,7.6922,7.7408,7.5735
2020/3/18,7.6892,7.7066,7.7477,7.6122
2020/3/17,7.7036,7.8204,7.8302,7.675
2020/3/16,7.817,7.7691,7.8713,7.7414
2020/3/13,7.7775,7.8624,7.8741,7.7473
2020/3/12,7.8596,7.8438,7.9292,7.771
2020/3/11,7.8417,7.8471,7.9029,7.8358
2020/3/10,7.8444,7.951,7.9601,7.843
2020/3/9,7.9497,7.8277,7.9816,7.8222
2020/3/6,7.8203,7.7979,7.8669,7.7778
2020/3/5,7.7954,7.713,7.8014,7.7086
2020/3/4,7.7096,7.7779,7.7881,7.6873
2020/3/3,7.7727,7.7499,7.8144,7.7406
2020/3/2,7.7473,7.6933,7.7868,7.6933
2020/2/28,7.7071,7.7056,7.7236,7.6519
2020/2/27,7.7026,7.6434,7.7096,7.6395
2020/2/26,7.6386,7.6314,7.6571,7.6202
2020/2/25,7.6292,7.6297,7.6384,7.5963
2020/2/24,7.6274,7.618,7.6427,7.5963
2020/2/21,7.6177,7.5743,7.6346,7.5732
2020/2/20,7.5717,7.5623,7.6016,7.5588
2020/2/19,7.5601,7.551,7.578,7.542
2020/2/18,7.5482,7.5664,7.5912,7.5483
2020/2/17,7.5628,7.5682,7.5773,7.5563
2020/2/14,7.5657,7.5638,7.5878,7.554
2020/2/13,7.5619,7.5813,7.6043,7.5582
2020/2/12,7.578,7.6041,7.6182,7.5747
2020/2/11,7.6016,7.6206,7.6241,7.5936
2020/2/10,7.6174,7.6673,7.6707,7.6182
2020/2/7,7.6604,7.656,7.6865,7.6518
2020/2/6,7.6524,7.6708,7.6783,7.6427
2020/2/5,7.6671,7.7291,7.7357,7.6658
2020/2/4,7.7278,7.7655,7.772,7.7211
2020/2/3,7.7636,7.6941,7.786,7.6855
2020/1/31,7.6945,7.6525,7.6976,7.6417
2020/1/30,7.6508,7.6372,7.6581,7.6341
2020/1/29,7.6363,7.6455,7.6501,7.6244
2020/1/28,7.6439,7.6435,7.6483,7.6286
2020/1/27,7.6425,7.6448,7.6574,7.6365
2020/1/24,7.646,7.6681,7.6737,7.6438
2020/1/23,7.6661,7.6612,7.7025,7.6522
2020/1/22,7.6572,7.6544,7.6668,7.6399
2020/1/21,7.652,7.6188,7.6747,7.6139
2020/1/20,7.6176,7.6088,7.6217,7.5911
2020/1/17,7.6051,7.6606,7.6631,7.6044
2020/1/16,7.6574,7.684,7.6896,7.6545
2020/1/15,7.6815,7.6613,7.6925,7.6578
2020/1/14,7.6595,7.6762,7.6817,7.6442
2020/1/13,7.6733,7.6977,7.6984,7.6549
2020/1/10,7.6926,7.6981,7.7059,7.6725
2020/1/9,7.6968,7.7137,7.7217,7.6891
2020/1/8,7.7114,7.7457,7.7639,7.7113
2020/1/7,7.7443,7.8096,7.8117,7.7316
2020/1/6,7.8098,7.779,7.814,7.7701
2020/1/3,7.7735,7.7806,7.7915,7.7547
2020/1/2,7.7804,7.8071,7.828,7.7743
2020/1/1,7.8013,7.8075,7.8148,7.8019
2019/12/31,7.8042,7.8238,7.8373,7.7993
2019/12/30,7.8227,7.8177,7.8412,7.81
2019/12/27,7.8174,7.7637,7.8272,7.763
2019/12/26,7.7589,7.7519,7.7738,7.7467
2019/12/25,7.7501,7.7706,7.772,7.7388
2019/12/24,7.768,7.7764,7.7811,7.7544
2019/12/23,7.7739,7.7642,7.7827,7.7579
2019/12/20,7.7616,7.7969,7.8022,7.7533
2019/12/19,7.7948,7.7846,7.8137,7.7802
2019/12/18,7.7777,7.8018,7.806,7.774
2019/12/17,7.8006,7.7929,7.82,7.7863
2019/12/16,7.7906,7.7737,7.8108,7.7737
2019/12/13,7.7664,7.7738,7.8235,7.766
2019/12/12,7.7683,7.8341,7.8504,7.755
2019/12/11,7.8323,7.8024,7.845,7.7908
2019/12/10,7.8008,7.7878,7.8069,7.7814
2019/12/9,7.7864,7.7768,7.7995,7.7723
2019/12/6,7.7784,7.8218,7.8321,7.7663
2019/12/5,7.8222,7.8106,7.826,7.8004
2019/12/4,7.8074,7.825,7.8398,7.8021
2019/12/3,7.8242,7.7989,7.8337,7.7921
2019/12/2,7.796,7.7456,7.8066,7.7418
2019/11/29,7.7444,7.7449,7.7565,7.7154
2019/11/28,7.7431,7.7309,7.7491,7.7309
2019/11/27,7.7294,7.7509,7.7548,7.7242
2019/11/26,7.7477,7.7498,7.7621,7.734
2019/11/25,7.7475,7.7609,7.7644,7.7425
2019/11/22,7.7583,7.7737,7.8007,7.7538
2019/11/21,7.7714,7.7916,7.8048,7.7684
2019/11/20,7.7885,7.7852,7.7961,7.7741
2019/11/19,7.7837,7.7793,7.7897,7.7691
2019/11/18,7.7762,7.7455,7.7926,7.7427
2019/11/15,7.7433,7.739,7.7509,7.715
2019/11/14,7.7362,7.73,7.7425,7.7136
2019/11/13,7.7287,7.7153,7.7408,7.7132
2019/11/12,7.7122,7.7344,7.7386,7.7101
2019/11/11,7.7332,7.7111,7.744,7.7049
2019/11/8,7.7075,7.7115,7.7288,7.7
2019/11/7,7.7077,7.7449,7.7664,7.701
2019/11/6,7.742,7.7632,7.7681,7.7394
2019/11/5,7.7609,7.8235,7.8263,7.7502
2019/11/4,7.8216,7.8556,7.8623,7.8207
2019/11/1,7.8566,7.8505,7.8689,7.8341
2019/10/31,7.8473,7.8674,7.8797,7.8315
2019/10/30,7.8639,7.8515,7.8684,7.8169
2019/10/29,7.8498,7.8444,7.8568,7.8211
2019/10/28,7.843,7.8299,7.8495,7.8131
2019/10/25,7.8263,7.8495,7.8651,7.8231
2019/10/24,7.8488,7.8647,7.8879,7.8408
2019/10/23,7.8597,7.8731,7.8833,7.8526
2019/10/22,7.8715,7.89,7.8963,7.8678
2019/10/21,7.887,7.8911,7.9082,7.8795
2019/10/18,7.9082,7.8736,7.9124,7.8609
2019/10/17,7.8706,7.854,7.88,7.8416
2019/10/16,7.8508,7.813,7.8643,7.8066
2019/10/15,7.8115,7.7944,7.8232,7.7819
2019/10/14,7.7896,7.828,7.8323,7.7748
2019/10/11,7.8238,7.8321,7.8545,7.8097
2019/10/10,7.8297,7.825,7.862,7.8056
2019/10/9,7.8227,7.8278,7.8457,7.8173
2019/10/8,7.8236,7.8425,7.8582,7.8151
2019/10/7,7.841,7.846,7.8639,7.8356
2019/10/4,7.8453,7.8371,7.8593,7.8321
2019/10/3,7.8367,7.8338,7.8636,7.8207
2019/10/2,7.8324,7.8149,7.8378,7.7942
2019/10/1,7.8124,7.7917,7.8228,7.7764
2019/9/30,7.7896,7.7923,7.8143,7.7752
2019/9/27,7.7898,7.7895,7.8062,7.7737
2019/9/26,7.7867,7.8039,7.8197,7.7806
2019/9/25,7.8024,7.8423,7.8454,7.8
2019/9/24,7.838,7.8261,7.8458,7.804
2019/9/23,7.8221,7.8121,7.8485,7.8068
2019/9/20,7.812,7.836,7.8458,7.7976
2019/9/19,7.8339,7.8158,7.8568,7.8106
2019/9/18,7.8139,7.8528,7.8552,7.8042
2019/9/17,7.8499,7.7741,7.8545,7.7724
2019/9/16,7.7725,7.8489,7.8531,7.768
2019/9/13,7.8346,7.8316,7.8656,7.8259
2019/9/12,7.8298,7.8362,7.8492,7.7449
2019/9/11,7.8332,7.8548,7.872,7.8169
2019/9/10,7.8539,7.8676,7.8716,7.837
2019/9/9,7.8659,7.8443,7.8829,7.838
2019/9/6,7.8436,7.8884,7.8967,7.84
2019/9/5,7.8858,7.8853,7.9275,7.8569
2019/9/4,7.8794,7.8781,7.8906,7.856
2019/9/3,7.8764,7.8677,7.8833,7.8409
2019/9/2,7.8643,7.8643,7.8785,7.8561
2019/8/30,7.8619,7.8993,7.9075,7.8457
2019/8/29,7.897,7.937,7.9488,7.8886
2019/8/28,7.9342,7.9433,7.9566,7.9293
2019/8/27,7.9408,7.94,7.9688,7.9314
2019/8/26,7.9368,7.9089,7.9719,7.9018
2019/8/23,7.9042,7.8483,7.9149,7.8253
2019/8/22,7.8464,7.8295,7.8726,7.8278
2019/8/21,7.8271,7.8371,7.8491,7.8212
2019/8/20,7.8356,7.8116,7.8424,7.8105
2019/8/19,7.8085,7.8119,7.8342,7.8045
2019/8/16,7.8081,7.8127,7.8236,7.7906
2019/8/15,7.8098,7.8245,7.8594,7.8038
2019/8/14,7.8215,7.8679,7.875,7.8174
2019/8/13,7.8624,7.915,7.937,7.8676
2019/8/12,7.9125,7.9127,7.927,7.8838
2019/8/9,7.9072,7.8769,7.9265,7.8762
2019/8/8,7.8738,7.9068,7.9177,7.8744
2019/8/7,7.9042,7.8689,7.9416,7.8682
2019/8/6,7.8649,7.899,7.9348,7.8398
2019/8/5,7.8927,7.706,7.9064,7.706
2019/8/2,7.7068,7.6472,7.7161,7.6396
2019/8/1,7.6442,7.6245,7.6547,7.5953
2019/7/31,7.6226,7.6796,7.6886,7.6136
2019/7/30,7.6769,7.682,7.6851,7.6646
2019/7/29,7.6812,7.6541,7.6872,7.651
2019/7/26,7.6523,7.6609,7.6726,7.6437
2019/7/25,7.6589,7.6567,7.6905,7.6251
2019/7/24,7.6545,7.6717,7.6797,7.6498
2019/7/23,7.6704,7.7137,7.7144,7.666
2019/7/22,7.7114,7.7204,7.726,7.7091
2019/7/19,7.7207,7.7586,7.7625,7.7101
2019/7/18,7.7558,7.715,7.7618,7.7084
2019/7/17,7.7137,7.709,7.723,7.7056
2019/7/16,7.7065,7.7426,7.7474,7.7021
2019/7/15,7.7413,7.754,7.7608,7.7392
2019/7/12,7.7526,7.7318,7.7581,7.7283
2019/7/11,7.7288,7.7327,7.751,7.7252
2019/7/10,7.7286,7.7201,7.7418,7.7101
2019/7/9,7.7131,7.7176,7.726,7.707
2019/7/8,7.7148,7.7367,7.7425,7.7111
2019/7/5,7.7355,7.7545,7.7624,7.7214
2019/7/4,7.7523,7.7603,7.7688,7.7463
2019/7/3,7.7593,7.7561,7.7851,7.7551
2019/7/2,7.7533,7.7325,7.7863,7.7284
2019/7/1,7.7288,7.8079,7.8117,7.7291
2019/6/28,7.8041,7.8183,7.8258,7.7941
2019/6/27,7.8176,7.8219,7.8296,7.8056
2019/6/26,7.819,7.8203,7.8375,7.8004
2019/6/25,7.8174,7.8391,7.8562,7.8041
2019/6/24,7.8327,7.805,7.8443,7.805
2019/6/21,7.8069,7.7372,7.817,7.7213
2019/6/20,7.7355,7.75,7.7783,7.7225
2019/6/19,7.7441,7.726,7.7693,7.7224
2019/6/18,7.722,7.7694,7.79,7.7213
2019/6/17,7.7679,7.7677,7.7899,7.7573
2019/6/14,7.7605,7.8094,7.8177,7.7576
2019/6/13,7.8037,7.808,7.8243,7.798
2019/6/12,7.8062,7.8278,7.8522,7.8042
2019/6/11,7.8291,7.8403,7.8461,7.811
2019/6/10,7.839,7.8246,7.8496,7.8152
2019/6/7,7.8248,7.7909,7.8418,7.7737
2019/6/6,7.7883,7.7586,7.8191,7.7523
2019/6/5,7.7505,7.7725,7.8079,7.751
2019/6/4,7.7713,7.7605,7.792,7.7562
2019/6/3,7.7587,7.7115,7.7764,7.7029
2019/5/31,7.7179,7.6849,7.7222,7.6794
2019/5/30,7.6809,7.6969,7.7062,7.6747
2019/5/29,7.6944,7.712,7.7241,7.6911
2019/5/28,7.7091,7.7246,7.7429,7.7107
2019/5/27,7.7222,7.7255,7.7377,7.7147
2019/5/24,7.729,7.7273,7.7394,7.7158
2019/5/23,7.7239,7.7013,7.7322,7.6859
2019/5/22,7.7009,7.7078,7.7211,7.6986
2019/5/21,7.6998,7.7214,7.7257,7.6941
2019/5/20,7.7183,7.7198,7.728,7.7011
2019/5/17,7.72,7.6922,7.7341,7.6888
2019/5/16,7.6899,7.7027,7.7236,7.686
2019/5/15,7.6991,7.7097,7.7207,7.6877
2019/5/14,7.7054,7.7203,7.7422,7.7015
2019/5/13,7.7175,7.6709,7.7476,7.6631
2019/5/10,7.6628,7.6621,7.6813,7.6298
2019/5/9,7.6542,7.5914,7.6804,7.589
2019/5/8,7.5895,7.5841,7.6073,7.5774
2019/5/7,7.5818,7.5756,7.6062,7.5621
2019/5/6,7.5694,7.5451,7.6066,7.5155
2019/5/3,7.5417,7.5283,7.5478,7.4987
2019/5/2,7.5256,7.5448,7.5566,7.5226
2019/5/1,7.5357,7.5542,7.5879,7.5346
2019/4/30,7.5523,7.5322,7.5638,7.5272
2019/4/29,7.5304,7.5054,7.536,7.4973
2019/4/26,7.5006,7.5057,7.5237,7.4843
2019/4/25,7.5036,7.502,7.522,7.4906
2019/4/24,7.4949,7.5512,7.5549,7.4882
2019/4/23,7.5494,7.5561,7.5672,7.5257
2019/4/22,7.5548,7.5385,7.5608,7.5331
2019/4/19,7.5384,7.5413,7.5462,7.528
2019/4/18,7.5325,7.5556,7.5698,7.5313
2019/4/17,7.5523,7.5719,7.5845,7.5505
2019/4/16,7.5702,7.5831,7.5913,7.5672
2019/4/15,7.5838,7.576,7.5938,7.5723
2019/4/12,7.5754,7.562,7.5986,7.5607
2019/4/11,7.5587,7.5709,7.583,7.5583
2019/4/10,7.5702,7.5593,7.5821,7.5433
2019/4/9,7.558,7.5704,7.5746,7.5578
2019/4/8,7.5613,7.5374,7.5752,7.5314
2019/4/5,7.5338,7.5392,7.5565,7.5317
2019/4/4,7.5361,7.5399,7.5567,7.5287
2019/4/3,7.5378,7.5327,7.551,7.5222
2019/4/2,7.531,7.5279,7.5415,7.5152
2019/4/1,7.5235,7.5296,7.5507,7.5185
2019/3/29,7.528,7.5626,7.573,7.5249
2019/3/28,7.5649,7.5664,7.5838,7.5561
2019/3/27,7.5616,7.5676,7.5901,7.5529
2019/3/26,7.5632,7.5904,7.6052,7.5632
2019/3/25,7.5873,7.6023,7.6059,7.5786
2019/3/22,7.598,7.6204,7.6373,7.5722
2019/3/21,7.6138,7.6409,7.656,7.598
2019/3/20,7.6358,7.6188,7.6649,7.594
2019/3/19,7.6159,7.6106,7.6291,7.6076
2019/3/18,7.6088,7.602,7.628,7.5981
2019/3/15,7.6024,7.6,7.6175,7.5855
2019/3/14,7.596,7.5971,7.6153,7.5904
2019/3/13,7.595,7.5722,7.6062,7.5669
2019/3/12,7.5695,7.567,7.5883,7.5486
2019/3/11,7.5597,7.554,7.5721,7.5422
2019/3/8,7.5554,7.5168,7.5608,7.5108
2019/3/7,7.5167,7.5888,7.5962,7.5046
2019/3/6,7.5891,7.5888,7.6032,7.5755
2019/3/5,7.5849,7.604,7.6134,7.5728
2019/3/4,7.6057,7.633,7.6449,7.5857
2019/3/1,7.6295,7.6181,7.6545,7.6034
2019/2/28,7.6119,7.6017,7.6374,7.5961
2019/2/27,7.603,7.6344,7.6424,7.5963
2019/2/26,7.6365,7.6003,7.6413,7.5916
2019/2/25,7.5984,7.6148,7.6228,7.5758
2019/2/22,7.6162,7.6209,7.6372,7.603
2019/2/21,7.6175,7.6165,7.6347,7.5893
2019/2/20,7.6199,7.6663,7.6785,7.6152
2019/2/19,7.665,7.6548,7.6765,7.6267
2019/2/18,7.6534,7.6414,7.6694,7.6387
2019/2/15,7.6494,7.6536,7.6651,7.609
2019/2/14,7.6495,7.6171,7.6602,7.6036
2019/2/13,7.6128,7.6707,7.6814,7.6109
2019/2/12,7.6719,7.6612,7.6834,7.6307
2019/2/11,7.659,7.6399,7.689,7.6297
2019/2/8,7.6422,7.649,7.6584,7.6348
2019/2/7,7.653,7.6631,7.6732,7.6375
2019/2/6,7.6635,7.6932,7.7025,7.6615
2019/2/5,7.6989,7.7157,7.7264,7.6886
2019/2/4,7.7157,7.7272,7.7346,7.7036
2019/2/1,7.7268,7.6665,7.7497,7.6626
2019/1/31,7.6704,7.7099,7.7233,7.661
2019/1/30,7.7096,7.7002,7.7264,7.6604
2019/1/29,7.697,7.711,7.721,7.6822
2019/1/28,7.7078,7.695,7.7214,7.6731
2019/1/25,7.6966,7.6723,7.7061,7.6506
2019/1/24,7.675,7.7324,7.7446,7.6623
2019/1/23,7.73,7.7342,7.7465,7.6976
2019/1/22,7.7332,7.7205,7.7441,7.7161
2019/1/21,7.727,7.7101,7.7409,7.704
2019/1/18,7.703,7.7226,7.736,7.6955
2019/1/17,7.7214,7.6982,7.7282,7.6901
2019/1/16,7.7024,7.7203,7.7348,7.6936
2019/1/15,7.7164,7.7645,7.7754,7.694
2019/1/14,7.7674,7.7557,7.7714,7.7267
2019/1/11,7.7565,7.8088,7.8224,7.7484
2019/1/10,7.8068,7.8639,7.8803,7.7966
2019/1/9,7.8676,7.8461,7.8764,7.8157
2019/1/8,7.8415,7.8627,7.8701,7.8277
2019/1/7,7.8618,7.8228,7.8688,7.8136
2019/1/4,7.8274,7.8312,7.8457,7.7977
2019/1/3,7.83,7.7838,7.8431,7.7591
2019/1/2,7.7839,7.885,7.8898,7.7715
2019/1/1,7.8855,7.8869,7.9439,7.8587
2018/12/31,7.89,7.8714,7.89,7.8563
2018/12/28,7.8711,7.8501,7.8895,7.8453
2018/12/27,7.8488,7.8175,7.8666,7.8022
2018/12/26,7.817,7.8256,7.8678,7.8094
2018/12/25,7.8255,7.8646,7.8777,7.8198
2018/12/24,7.8647,7.8526,7.8918,7.8388
2018/12/21,7.8544,7.8804,7.9218,7.8399
2018/12/20,7.8807,7.8427,7.9135,7.8386
2018/12/19,7.8412,7.8327,7.8849,7.8319
2018/12/18,7.8339,7.8261,7.8632,7.8179
2018/12/17,7.8266,7.8097,7.8349,7.7975
2018/12/14,7.8122,7.8195,7.8361,7.7792
2018/12/13,7.8199,7.8218,7.8408,7.7979
2018/12/12,7.8216,7.8059,7.8353,7.7905
2018/12/11,7.8087,7.8466,7.8715,7.7991
2018/12/10,7.8494,7.8412,7.9066,7.8261
2018/12/7,7.8232,7.8319,7.8578,7.814
2018/12/6,7.8294,7.7782,7.8556,7.7747
2018/12/5,7.7786,7.7542,7.7929,7.7466
2018/12/4,7.7572,7.8143,7.8298,7.7381
2018/12/3,7.815,7.8742,7.9125,7.802
